source,source_id,molecule_name,smiles_raw,smiles_std,inchikey_std,target_name,uniprot_id,target_id_std,activity_type,activity_value_nM,activity_unit,pActivity,activity_label
BindingDB,408732,,CCOC(=O)Cc1csc(NC(=O)[C@@H](N)CCSC)n1,CCOC(=O)Cc1csc(NC(=O)[C@@H](N)CCSC)n1,KEYRMNMBOFKYMV-VIFPVBQESA-N,Neuraminidase,,NAME::Neuraminidase,IC50,45200.0,nM,4.3448615651886175,0
BindingDB,7836,,"CC[C@@H](CC=C)O[C@@H]1C=C(C[C@H](N)[C@H]1NC(C)=O)C(O)=O |r,c:8|",C=CC[C@H](CC)O[C@@H]1C=C(C(=O)O)C[C@H](N)[C@H]1NC(C)=O,HQIVDWCSVLHHIC-IGQOVBAYSA-N,Neuraminidase,,NAME::Neuraminidase,IC50,3.0,nM,8.522878745280337,1
BindingDB,8416,,"CC(=O)N[C@@H]1[C@@H](N)CC(=C[C@H]1N1CCCCCC1)C(O)=O |r,c:8|",CC(=O)N[C@H]1[C@H](N2CCCCCC2)C=C(C(=O)O)C[C@@H]1N,ATFBWSUHEBLLLQ-BFHYXJOUSA-N,Neuraminidase,,NAME::Neuraminidase,IC50,35.0,nM,7.455931955649724,1
BindingDB,8449,,CCC(CC)Nc1cc(ccc1NC(C)=O)C(O)=O,CCC(CC)Nc1cc(C(=O)O)ccc1NC(C)=O,QWGXCMBQVNXFFZ-UHFFFAOYSA-N,Neuraminidase,,NAME::Neuraminidase,IC50,25000.0,nM,4.6020599913279625,0
BindingDB,7777,,"[H][C@]1(OC(=C[C@H](N)[C@H]1NC(C)=O)C(O)=O)C(=O)N(CCC)CCc1ccc(Cl)cc1Cl |r,c:3|",CCCN(CCc1ccc(Cl)cc1Cl)C(=O)[C@@H]1OC(C(=O)O)=C[C@H](N)[C@H]1NC(C)=O,GECSHGIJOCAZTF-CGTJXYLNSA-N,Neuraminidase,,NAME::Neuraminidase,IC50,6.0,nM,8.221848749616356,1
BindingDB,7744,,"[H][C@]1(OC(=C[C@H](N)[C@H]1NC(C)=O)C(O)=O)C(=O)N(CCC)Cc1ccccc1 |r,c:3|",CCCN(Cc1ccccc1)C(=O)[C@@H]1OC(C(=O)O)=C[C@H](N)[C@H]1NC(C)=O,OBRFFAUWYCOFJW-USXIJHARSA-N,Neuraminidase,,NAME::Neuraminidase,IC50,180000.0,nM,3.7447274948966935,0
BindingDB,8386,,"CCCN(CCC)[C@@H]1C=C(C[C@H](N)[C@H]1NC(C)=O)C(O)=O |r,c:8|",CCCN(CCC)[C@@H]1C=C(C(=O)O)C[C@H](N)[C@H]1NC(C)=O,MUAKAPZVYKVOTQ-BFHYXJOUSA-N,Neuraminidase,,NAME::Neuraminidase,IC50,60.0,nM,7.221848749616356,1
BindingDB,408717,,C[C@H](NC(=O)OC(C)(C)C)C(=O)Nc1nc(CC(O)=O)cs1,C[C@H](NC(=O)OC(C)(C)C)C(=O)Nc1nc(CC(=O)O)cs1,LGHKGGGUCWNFKX-ZETCQYMHSA-N,Neuraminidase,,NAME::Neuraminidase,IC50,19500.0,nM,4.709965388637482,0
BindingDB,7228,,"[#6]-[#6]-[#7](-[#6]-[#6])-[#6](=O)-[#6](-[#7]-[#6](-[#6])=O)-[#6@H]-1-[#6]-[#6](-[#6]-[#6@@H]-1\[#7]=[#6](\[#7])-[#7])-[#6](-[#8])=O |r,w:14.21,7.7|",[C][C]N([C][C])C(=O)[C]([N]C([C])=O)[C@H]1[C][C](C([O])=O)[C][C@@H]1N=C([N])[N],JPFLNZZDGBAOIF-QWRGUYRKSA-N,Neuraminidase,,NAME::Neuraminidase,IC50,3000.0,nM,5.522878745280337,0
BindingDB,7721,,"[H][C@]1(OC(=C[C@H](N)[C@H]1NC(C)=O)C(O)=O)C(=O)NC1CCCCC1 |r,c:3|",CC(=O)N[C@@H]1[C@@H](N)C=C(C(=O)O)O[C@H]1C(=O)NC1CCCCC1,QICFFMYGGKUOPM-CYZMBNFOSA-N,Neuraminidase,,NAME::Neuraminidase,IC50,19000.0,nM,4.721246399047171,0
BindingDB,408724,,CCOC(=O)Cc1csc(NC(=O)[C@@H](N)C(C)C)n1,CCOC(=O)Cc1csc(NC(=O)[C@@H](N)C(C)C)n1,VKXMCKPUBJJUJV-JTQLQIEISA-N,Neuraminidase,,NAME::Neuraminidase,IC50,40200.0,nM,4.39577394691553,0
BindingDB,408737,,CC(C)(C)OC(=O)N[C@@H](Cc1ccccc1)C(=O)Nc1nc(CC(O)=O)cs1,CC(C)(C)OC(=O)N[C@@H](Cc1ccccc1)C(=O)Nc1nc(CC(=O)O)cs1,HHTHPXCTGUOWSR-AWEZNQCLSA-N,Neuraminidase,,NAME::Neuraminidase,IC50,34200.0,nM,4.465973893943865,0
BindingDB,7163,,CC(=S)Nc1ccc(nc1)C(O)=O,CC(=S)Nc1ccc(C(=O)O)nc1,FCIBDHZQJWBLQO-UHFFFAOYSA-N,Neuraminidase,,NAME::Neuraminidase,IC50,400000.0,nM,3.397940008672037,0
BindingDB,7155,,[#6]-[#6]-[#6](-[#6]-[#6])-[#8]-c1c(cc(cc1\[#7]=[#6](/[#7])-[#7])-[#6](-[#8])=O)\[#7]=[#6](/[#7])-[#7],[C][C][C]([C][C])Oc1c(N=C([N])[N])cc(C([O])=O)cc1N=C([N])[N],LKYCVPRUEKSXLL-UHFFFAOYSA-N,Neuraminidase,,NAME::Neuraminidase,IC50,3000.0,nM,5.522878745280337,0
BindingDB,408733,,CSCC[C@H](NC(=O)OC(C)(C)C)C(=O)Nc1nc(CC(O)=O)cs1,CSCC[C@H](NC(=O)OC(C)(C)C)C(=O)Nc1nc(CC(=O)O)cs1,FRJZTAVFVGUACU-JTQLQIEISA-N,Neuraminidase,,NAME::Neuraminidase,IC50,42600.0,nM,4.370590400897281,0
BindingDB,8440,,"CC1CCN(CC1)[C@@H]1C=C(C[C@H](N)[C@H]1NC(C)=O)C(O)=O |r,c:9|",CC(=O)N[C@H]1[C@H](N2CCC(C)CC2)C=C(C(=O)O)C[C@@H]1N,SBDOFJJFSSZHBK-BFHYXJOUSA-N,Neuraminidase,,NAME::Neuraminidase,IC50,64.0,nM,7.1938200260161125,1
BindingDB,8467,,CCC(CC)Oc1cc(cc(N)c1NC(C)=O)C(O)=O,CCC(CC)Oc1cc(C(=O)O)cc(N)c1NC(C)=O,FWHGOPBCXHOTDC-UHFFFAOYSA-N,Neuraminidase,,NAME::Neuraminidase,IC50,2000000.0,nM,2.6989700043360187,0
BindingDB,7790,,"[H][C@]1(OC(=C[C@H](N)[C@H]1NC(C)=O)C(O)=O)C(=O)N(CCC)CCc1ccccc1OC |r,c:3|",CCCN(CCc1ccccc1OC)C(=O)[C@@H]1OC(C(=O)O)=C[C@H](N)[C@H]1NC(C)=O,XISPDBALALKGMY-KFKAGJAMSA-N,Neuraminidase,,NAME::Neuraminidase,IC50,12000.0,nM,4.920818753952375,0
BindingDB,8447,,"[#6]-[#6]-[#6]-[#7](-[#6]-[#6]-[#6])-[#6](=O)-[#6@H]-1-[#8]-[#6](=[#6]-[#6@@H](\[#7]=[#6](/[#7])-[#7])-[#6@@H]-1-[#7]-[#6](-[#6])=O)-[#6](-[#8])=O |r,c:11|",[C][C][C]N([C][C][C])C(=O)[C@H]1OC(C([O])=O)=[C][C@@H](N=C([N])[N])[C@@H]1[N]C([C])=O,HCMCBRAJHTVHGV-WXHSDQCUSA-N,Neuraminidase,,NAME::Neuraminidase,IC50,1.0,nM,9.0,1
BindingDB,7179,,"[#6]-[#6](=O)-[#7]-[#6](-[#6@H]-1-[#6]-[#6](-[#6]-[#6@@H]-1\[#7]=[#6](\[#7])-[#7])-[#6](-[#8])=O)-[#6](=O)-[#7]-[#6]-[#6]-c1ccccc1 |r,w:7.14,4.3|",[C]C(=O)[N][C](C(=O)[N][C][C]c1ccccc1)[C@H]1[C][C](C([O])=O)[C][C@@H]1N=C([N])[N],HZIQITDHYNITDZ-GJZGRUSLSA-N,Neuraminidase,,NAME::Neuraminidase,IC50,6400.0,nM,5.1938200260161125,0
BindingDB,7178,,"[#6]-[#6]-[#6]-[#6]-[#6](-[#6]-[#6])-[#7]-[#6](=O)-[#6](-[#7]-[#6](-[#6])=O)-[#6@H]-1-[#6]-[#6](-[#6]-[#6@@H]-1\[#7]=[#6](\[#7])-[#7])-[#6](-[#8])=O |r,w:17.24,10.10|",[C][C][C][C][C]([C][C])[N]C(=O)[C]([N]C([C])=O)[C@H]1[C][C](C([O])=O)[C][C@@H]1N=C([N])[N],ILPPOAUSPPNYTE-KBPBESRZSA-N,Neuraminidase,,NAME::Neuraminidase,IC50,1800.0,nM,5.7447274948966935,0
BindingDB,7843,,"CC[C@H](CCc1ccccc1)O[C@@H]1C=C(C[C@H](N)[C@H]1NC(C)=O)C(O)=O |r,c:14|",CC[C@H](CCc1ccccc1)O[C@@H]1C=C(C(=O)O)C[C@H](N)[C@H]1NC(C)=O,GLTBEVKCDJQDEE-FCGDIQPGSA-N,Neuraminidase,,NAME::Neuraminidase,IC50,12.0,nM,7.920818753952375,1
BindingDB,7841,,"CC[C@@H](CCC1CCCCC1)O[C@@H]1C=C(C[C@H](N)[C@H]1NC(C)=O)C(O)=O |r,c:14|",CC[C@@H](CCC1CCCCC1)O[C@@H]1C=C(C(=O)O)C[C@H](N)[C@H]1NC(C)=O,WEUWRQVKQNNAEK-INDMIFKZSA-N,Neuraminidase,,NAME::Neuraminidase,IC50,2150.0,nM,5.667561540084394,0
BindingDB,7760,,"[H][C@]1(OC(=C[C@H](N)[C@H]1NC(C)=O)C(O)=O)C(=O)N(CCN)CCc1ccccc1 |r,c:3|",CC(=O)N[C@@H]1[C@@H](N)C=C(C(=O)O)O[C@H]1C(=O)N(CCN)CCc1ccccc1,HSZMTMCLMZJVKO-USXIJHARSA-N,Neuraminidase,,NAME::Neuraminidase,IC50,47000.0,nM,4.327902142064283,0
BindingDB,408712,,CCOC(=O)Cc1csc(NC(=O)CN)n1,CCOC(=O)Cc1csc(NC(=O)CN)n1,ZJXYOHQXIYUJBW-UHFFFAOYSA-N,Neuraminidase,,NAME::Neuraminidase,IC50,313000.0,nM,3.504455662453552,0
BindingDB,8433,,"CC(=O)N[C@@H]1[C@@H](N)CC(=C[C@H]1N1CCCCC1)C(O)=O |r,c:8|",CC(=O)N[C@H]1[C@H](N2CCCCC2)C=C(C(=O)O)C[C@@H]1N,FVJJBGPSFGVUKN-YNEHKIRRSA-N,Neuraminidase,,NAME::Neuraminidase,IC50,4.0,nM,8.397940008672037,1
BindingDB,7840,,"CC[C@@H](CC1CCCCC1)O[C@@H]1C=C(C[C@H](N)[C@H]1NC(C)=O)C(O)=O |r,c:13|",CC[C@@H](CC1CCCCC1)O[C@@H]1C=C(C(=O)O)C[C@H](N)[C@H]1NC(C)=O,AQRGYVZHOSSLOY-WNRNVDISSA-N,Neuraminidase,,NAME::Neuraminidase,IC50,6500.0,nM,5.187086643357144,0
BindingDB,7237,,"[#6]-[#6](=O)-[#7]-[#6](-[#6@H]-1-[#6]-[#6](-[#6]-[#6@@H]-1\[#7]=[#6](\[#7])-[#7])-[#6](-[#8])=O)-[#6](=O)-[#7]-1-[#6]-[#6]-[#6]-[#6]-[#6]-[#6]-1 |r,w:7.14,4.3|",[C]C(=O)[N][C](C(=O)N1[C][C][C][C][C][C]1)[C@H]1[C][C](C([O])=O)[C][C@@H]1N=C([N])[N],JWIYPJNJQNEAGO-STQMWFEESA-N,Neuraminidase,,NAME::Neuraminidase,IC50,25300.0,nM,4.596879478824183,0
BindingDB,7783,,"[H][C@]1(OC(=C[C@H](N)[C@H]1NC(C)=O)C(O)=O)C(=O)N(CCC)CCc1ccc(O)cc1 |r,c:3|",CCCN(CCc1ccc(O)cc1)C(=O)[C@@H]1OC(C(=O)O)=C[C@H](N)[C@H]1NC(C)=O,XZYRYUBODJBXBL-CGTJXYLNSA-N,Neuraminidase,,NAME::Neuraminidase,IC50,1900.0,nM,5.721246399047171,0
BindingDB,7188,,"[#6]-[#7](-[#6]-[#6]-c1ccccc1)-[#6](=O)-[#6](-[#7]-[#6](-[#6])=O)-[#6@H]-1-[#6]-[#6](-[#6]-[#6@@H]-1\[#7]=[#6](\[#7])-[#7])-[#6](-[#8])=O |r,w:19.27,12.13|",[C]C(=O)[N][C](C(=O)N([C])[C][C]c1ccccc1)[C@H]1[C][C](C([O])=O)[C][C@@H]1N=C([N])[N],WEBONCBFPVNRAN-HOTGVXAUSA-N,Neuraminidase,,NAME::Neuraminidase,IC50,8000.0,nM,5.096910013008056,0
BindingDB,7862,,"[H][C@@](CCCC)(NC(C)=O)[C@@H]1CC(C[C@H]1N=C(N)N)C(O)=O |r,w:12.19|",CCCC[C@H](NC(C)=O)[C@@H]1CC(C(=O)O)C[C@H]1N=C(N)N,FOEDJODWGAJPQM-HSTDOPHLSA-N,Neuraminidase,,NAME::Neuraminidase,IC50,25.0,nM,7.602059991327962,1
BindingDB,7729,,"[H][C@]1(OC(=C[C@H](N)[C@H]1NC(C)=O)C(O)=O)C(=O)N(CC=C)CC=C |r,c:3|",C=CCN(CC=C)C(=O)[C@@H]1OC(C(=O)O)=C[C@H](N)[C@H]1NC(C)=O,JHKGUGIKUGELSW-CYZMBNFOSA-N,Neuraminidase,,NAME::Neuraminidase,IC50,8400.0,nM,5.075720713938118,0
BindingDB,7245,,"[#6]-[#6](=O)-[#7]-[#6](-[#6@H]-1-[#6]-[#6](-[#6]-[#6@@H]-1\[#7]=[#6](\[#7])-[#7])-[#6](-[#8])=O)-[#6](=O)-[#7]-1-[#6]-[#6]-[#16]-[#6]-[#6]-1 |r,w:7.14,4.3|",[C]C(=O)[N][C](C(=O)N1[C][C]S[C][C]1)[C@H]1[C][C](C([O])=O)[C][C@@H]1N=C([N])[N],HTAFBVRYBLDJTJ-QWRGUYRKSA-N,Neuraminidase,,NAME::Neuraminidase,IC50,29100.0,nM,4.536107011014093,0
BindingDB,8477,,NC(=N)Nc1cc(ccc1N1CCCC1=O)C(O)=O,N=C(N)Nc1cc(C(=O)O)ccc1N1CCCC1=O,VJGFKLUNIKFVLP-UHFFFAOYSA-N,Neuraminidase,,NAME::Neuraminidase,IC50,1000000.0,nM,3.0,0
BindingDB,7181,,"[#6]-[#8]-[#6]-[#6](-[#6])-[#7]-[#6](=O)-[#6](-[#7]-[#6](-[#6])=O)-[#6@H]-1-[#6]-[#6](-[#6]-[#6@@H]-1\[#7]=[#6](\[#7])-[#7])-[#6](-[#8])=O |r,w:15.22,8.8|",[C]O[C][C]([C])[N]C(=O)[C]([N]C([C])=O)[C@H]1[C][C](C([O])=O)[C][C@@H]1N=C([N])[N],GISKIUOBADULGM-QWRGUYRKSA-N,Neuraminidase,,NAME::Neuraminidase,IC50,4400.0,nM,5.356547323513812,0
BindingDB,408730,,CC(C)C[C@H](N)C(=O)Nc1nc(CC(O)=O)cs1,CC(C)C[C@H](N)C(=O)Nc1nc(CC(=O)O)cs1,KDDSIHNDRFRJLL-QMMMGPOBSA-N,Neuraminidase,,NAME::Neuraminidase,IC50,19100.0,nM,4.718966632752273,0
BindingDB,7787,,"[H][C@]1(OC(=C[C@H](N)[C@H]1NC(C)=O)C(O)=O)C(=O)N(CCC)CCc1ccc(Cl)cc1Cl |r,c:3|",CCCN(CCc1ccc(Cl)cc1Cl)C(=O)[C@@H]1OC(C(=O)O)=C[C@H](N)[C@H]1NC(C)=O,GECSHGIJOCAZTF-CGTJXYLNSA-N,Neuraminidase,,NAME::Neuraminidase,IC50,16000.0,nM,4.795880017344075,0
BindingDB,7222,,"[#6]-[#6]-[#6]-[#7](-[#6])-[#6](=O)-[#6](-[#7]-[#6](-[#6])=O)-[#6@H]-1-[#6]-[#6](-[#6]-[#6@@H]-1\[#7]=[#6](\[#7])-[#7])-[#6](-[#8])=O |r,w:14.21,7.7|",[C][C][C]N([C])C(=O)[C]([N]C([C])=O)[C@H]1[C][C](C([O])=O)[C][C@@H]1N=C([N])[N],ODXVEMIZWMFZGR-QWRGUYRKSA-N,Neuraminidase,,NAME::Neuraminidase,IC50,6200.0,nM,5.207608310501746,0
BindingDB,7754,,"[H][C@]1(OC(=C[C@H](N)[C@H]1NC(C)=O)C(O)=O)C(=O)N(CCc1ccccc1)CC(N)=O |r,c:3|",CC(=O)N[C@@H]1[C@@H](N)C=C(C(=O)O)O[C@H]1C(=O)N(CCc1ccccc1)CC(N)=O,QMXYIEGAVKPOCQ-IAOVAPTHSA-N,Neuraminidase,,NAME::Neuraminidase,IC50,19000.0,nM,4.721246399047171,0
BindingDB,7238,,"[#6]-[#6]-1-[#6]-[#6]-[#6]-[#6]-[#7]-1-[#6](=O)-[#6](-[#7]-[#6](-[#6])=O)-[#6@H]-1-[#6]-[#6](-[#6]-[#6@@H]-1\[#7]=[#6](\[#7])-[#7])-[#6](-[#8])=O |r,w:16.24,9.10|",[C][C]1[C][C][C][C]N1C(=O)[C]([N]C([C])=O)[C@H]1[C][C](C([O])=O)[C][C@@H]1N=C([N])[N],ZLEFIJUQKBXLQB-STQMWFEESA-N,Neuraminidase,,NAME::Neuraminidase,IC50,10500.0,nM,4.978810700930062,0
BindingDB,408716,,CCOC(=O)Cc1csc(NC(=O)[C@H](C)N)n1,CCOC(=O)Cc1csc(NC(=O)[C@H](C)N)n1,IVKACUZVCRBKSD-LURJTMIESA-N,Neuraminidase,,NAME::Neuraminidase,IC50,22800.0,nM,4.642065152999546,0
BindingDB,408728,,CCOC(=O)Cc1csc(NC(=O)[C@@H](N)[C@H](C)CC)n1,CCOC(=O)Cc1csc(NC(=O)[C@@H](N)[C@H](C)CC)n1,SQVQLMDGWRRRTM-KCJUWKMLSA-N,Neuraminidase,,NAME::Neuraminidase,IC50,141000.0,nM,3.85078088734462,0
BindingDB,8443,,"CC(=O)N[C@@H]1[C@@H](N)CC(=C[C@H]1N1C2CCC1CCC2)C(O)=O |r,c:8|",CC(=O)N[C@H]1[C@H](N2C3CCCC2CC3)C=C(C(=O)O)C[C@@H]1N,CBIVFZXLBGGJIX-MMCPYJTDSA-N,Neuraminidase,,NAME::Neuraminidase,IC50,30.0,nM,7.522878745280337,1
BindingDB,7710,,"[H][C@]1(OC(=C[C@H](N)[C@H]1NC(C)=O)C(O)=O)C(=O)N(C)CCC |r,c:3|",CCCN(C)C(=O)[C@@H]1OC(C(=O)O)=C[C@H](N)[C@H]1NC(C)=O,MSQFCWWHCMTEME-JMJZKYOTSA-N,Neuraminidase,,NAME::Neuraminidase,IC50,23000.0,nM,4.638272163982407,0
BindingDB,8372,,"CCCN(CC)[C@@H]1C=C(C[C@H](N)[C@H]1NC(C)=O)C(O)=O |r,c:7|",CCCN(CC)[C@@H]1C=C(C(=O)O)C[C@H](N)[C@H]1NC(C)=O,HXGVFIWGGUQRIO-YNEHKIRRSA-N,Neuraminidase,,NAME::Neuraminidase,IC50,90.0,nM,7.045757490560675,1
BindingDB,7225,,"[#6]-[#6]-[#6]-[#6]-[#7](-[#6])-[#6](=O)-[#6](-[#7]-[#6](-[#6])=O)-[#6@H]-1-[#6]-[#6](-[#6]-[#6@@H]-1\[#7]=[#6](\[#7])-[#7])-[#6](-[#8])=O |r,w:15.22,8.8|",[C][C][C][C]N([C])C(=O)[C]([N]C([C])=O)[C@H]1[C][C](C([O])=O)[C][C@@H]1N=C([N])[N],IJBJVRGTLPWWFY-RYUDHWBXSA-N,Neuraminidase,,NAME::Neuraminidase,IC50,18400.0,nM,4.735182176990463,0
BindingDB,8411,,"[H][C@@](CC)(CCO)O[C@@H]1C=C(C[C@H](N)[C@H]1NC(C)=O)C(O)=O |r,c:9|",CC[C@H](CCO)O[C@@H]1C=C(C(=O)O)C[C@H](N)[C@H]1NC(C)=O,UOGXNGRTMXTGCK-YVECIDJPSA-N,Neuraminidase,,NAME::Neuraminidase,IC50,85.0,nM,7.070581074285707,1
BindingDB,7218,,"[#6]-[#6](=O)-[#7]-[#6](-[#6@H]-1-[#6]-[#6](-[#6]-[#6@@H]-1\[#7]=[#6](\[#7])-[#7])-[#6](-[#8])=O)-[#6](=O)-[#7]-[#6]-[#6]-c1ccccc1 |r,w:7.14,4.3|",[C]C(=O)[N][C](C(=O)[N][C][C]c1ccccc1)[C@H]1[C][C](C([O])=O)[C][C@@H]1N=C([N])[N],HZIQITDHYNITDZ-GJZGRUSLSA-N,Neuraminidase,,NAME::Neuraminidase,IC50,70500.0,nM,4.151810883008602,0
BindingDB,7216,,"[#6]-[#6]-[#6]-[#6]-[#6](-[#6])-[#7]-[#6](=O)-[#6](-[#7]-[#6](-[#6])=O)-[#6@H]-1-[#6]-[#6](-[#6]-[#6@@H]-1\[#7]=[#6](\[#7])-[#7])-[#6](-[#8])=O |r,w:16.23,9.9|",[C][C][C][C][C]([C])[N]C(=O)[C]([N]C([C])=O)[C@H]1[C][C](C([O])=O)[C][C@@H]1N=C([N])[N],YLTMTDSENLOGQU-STQMWFEESA-N,Neuraminidase,,NAME::Neuraminidase,IC50,37000.0,nM,4.431798275933005,0
BindingDB,7187,,"[#6]-[#6]-[#6]-[#6]-[#6]-[#6]-[#7](-[#6])-[#6](=O)-[#6](-[#7]-[#6](-[#6])=O)-[#6@H]-1-[#6]-[#6](-[#6]-[#6@@H]-1\[#7]=[#6](\[#7])-[#7])-[#6](-[#8])=O |r,w:17.24,10.10|",[C][C][C][C][C][C]N([C])C(=O)[C]([N]C([C])=O)[C@H]1[C][C](C([O])=O)[C][C@@H]1N=C([N])[N],UJNPOXYYTFUJGT-KBPBESRZSA-N,Neuraminidase,,NAME::Neuraminidase,IC50,12400.0,nM,4.906578314837765,0
BindingDB,7858,,"CCC(CC)O[C@@H]1C=C([C@@H](C)[C@H](N)[C@H]1NC(C)=O)C(O)=O |r,c:7|",CCC(CC)O[C@@H]1C=C(C(=O)O)[C@@H](C)[C@H](N)[C@H]1NC(C)=O,MYLKRBMLLOGEBS-NGSVMEPUSA-N,Neuraminidase,,NAME::Neuraminidase,IC50,1500.0,nM,5.823908740944319,0
BindingDB,7830,,"CC[C@@H](CC1CCCCC1)O[C@@H]1C=C(C[C@H](N)[C@H]1NC(C)=O)C(O)=O |r,c:13|",CC[C@@H](CC1CCCCC1)O[C@@H]1C=C(C(=O)O)C[C@H](N)[C@H]1NC(C)=O,AQRGYVZHOSSLOY-WNRNVDISSA-N,Neuraminidase,,NAME::Neuraminidase,IC50,16.0,nM,7.795880017344075,1
BindingDB,7240,,"[#6]-[#6]-[#6]-[#6]-1-[#6]-[#6]-[#6]-[#6]-[#7]-1-[#6](=O)-[#6](-[#7]-[#6](-[#6])=O)-[#6@H]-1-[#6]-[#6](-[#6]-[#6@@H]-1\[#7]=[#6](\[#7])-[#7])-[#6](-[#8])=O |r,w:18.26,11.12|",[C][C][C][C]1[C][C][C][C]N1C(=O)[C]([N]C([C])=O)[C@H]1[C][C](C([O])=O)[C][C@@H]1N=C([N])[N],PHXTWNGKNYDDDV-GJZGRUSLSA-N,Neuraminidase,,NAME::Neuraminidase,IC50,14500.0,nM,4.838631997765025,0
BindingDB,7758,,"[H][C@]1(OC(=C[C@H](N)[C@H]1NC(C)=O)C(O)=O)C(=O)N(CCc1ccccc1)CC(C)C |r,c:3|",CC(=O)N[C@@H]1[C@@H](N)C=C(C(=O)O)O[C@H]1C(=O)N(CCc1ccccc1)CC(C)C,NETGNERKSZIJFZ-QXAKKESOSA-N,Neuraminidase,,NAME::Neuraminidase,IC50,14.0,nM,7.853871964321762,1
BindingDB,7162,,CC(=O)Nc1ccc(nc1)C(O)=O,CC(=O)Nc1ccc(C(=O)O)nc1,WPZGIHCOKAJSHJ-UHFFFAOYSA-N,Neuraminidase,,NAME::Neuraminidase,IC50,2000000.0,nM,2.6989700043360187,0
BindingDB,7854,,"CCC(CC)O[C@H]1[C@H](NC(C)=O)[C@@H](N)CC(C(O)=O)=C1F |r,c:18|",CCC(CC)O[C@@H]1C(F)=C(C(=O)O)C[C@H](N)[C@H]1NC(C)=O,DTBDFNJXZHXCFW-CYZMBNFOSA-N,Neuraminidase,,NAME::Neuraminidase,IC50,3.0,nM,8.522878745280337,1
BindingDB,8456,,CCC(CC)Oc1cc(cc(N)c1NC(C)=O)C(O)=O,CCC(CC)Oc1cc(C(=O)O)cc(N)c1NC(C)=O,FWHGOPBCXHOTDC-UHFFFAOYSA-N,Neuraminidase,,NAME::Neuraminidase,IC50,8000.0,nM,5.096910013008056,0
BindingDB,7722,,"[H][C@]1([#8]-[#6](=[#6]-[#6@H](\[#7]=[#6](/[#7])-[#7])-[#6@H]1-[#7]-[#6](-[#6])=O)-[#6](-[#8])=O)[#6](=O)-[#7](-[#6]-[#6]-[#6])-[#6]-[#6]-[#6] |r,c:3|",[C][C][C]N([C][C][C])C(=O)[C@@H]1OC(C([O])=O)=[C][C@H](N=C([N])[N])[C@H]1[N]C([C])=O,HCMCBRAJHTVHGV-CYZMBNFOSA-N,Neuraminidase,,NAME::Neuraminidase,IC50,2.0,nM,8.698970004336019,1
BindingDB,410541,,CCOC(=O)C1=C[C@@H](OC(CC)CC)[C@H](NC(C)=O)[C@@H](N)C1,CCOC(=O)C1=C[C@@H](OC(CC)CC)[C@H](NC(C)=O)[C@@H](N)C1,VSZGPKBBMSAYNT-RRFJBIMHSA-N,Neuraminidase,,NAME::Neuraminidase,IC50,25.0,nM,7.602059991327962,1
BindingDB,7850,,"CC[C@@H](C)O[C@@H]1C=C(C[C@H](N=C(N)N)[C@H]1NC(C)=O)C(O)=O |r,c:6|",CC[C@@H](C)O[C@@H]1C=C(C(=O)O)C[C@H](N=C(N)N)[C@H]1NC(C)=O,BKSBSWKRQZCHQR-UYZPKGHCSA-N,Neuraminidase,,NAME::Neuraminidase,IC50,0.5,nM,9.30102999566398,1
BindingDB,7148,,NC(N)=Nc1cc(N)cc(c1)C(O)=O |w:3.3|,NC(N)=Nc1cc(N)cc(C(=O)O)c1,GKIXZKLTUITMPI-UHFFFAOYSA-N,Neuraminidase,,NAME::Neuraminidase,IC50,2000000.0,nM,2.6989700043360187,0
BindingDB,7808,,"CCO[C@@H]1C=C(C[C@H](N)[C@H]1NC(C)=O)C(O)=O |r,c:4|",CCO[C@@H]1C=C(C(=O)O)C[C@H](N)[C@H]1NC(C)=O,YUHQWGSXKIGZSX-IVZWLZJFSA-N,Neuraminidase,,NAME::Neuraminidase,IC50,2000.0,nM,5.698970004336019,0
BindingDB,7172,,"[#6]-[#6]-[#6]-[#6]-[#7]-[#6](=O)-[#6](-[#7]-[#6](-[#6])=O)-[#6@H]-1-[#6]-[#6](-[#6]-[#6@@H]-1\[#7]=[#6](\[#7])-[#7])-[#6](-[#8])=O |r,w:14.21,7.7|",[C][C][C][C][N]C(=O)[C]([N]C([C])=O)[C@H]1[C][C](C([O])=O)[C][C@@H]1N=C([N])[N],OOMWDWUUYUXCTD-QWRGUYRKSA-N,Neuraminidase,,NAME::Neuraminidase,IC50,9900.0,nM,5.004364805402449,0
BindingDB,7831,,"CC[C@@H](CCC1CCCCC1)O[C@@H]1C=C(C[C@H](N)[C@H]1NC(C)=O)C(O)=O |r,c:14|",CC[C@@H](CCC1CCCCC1)O[C@@H]1C=C(C(=O)O)C[C@H](N)[C@H]1NC(C)=O,WEUWRQVKQNNAEK-INDMIFKZSA-N,Neuraminidase,,NAME::Neuraminidase,IC50,1.0,nM,9.0,1
BindingDB,7160,,[#6]S(=O)(=O)[#7]-c1c(-[#6]-[#7]=O)cc(cc1\[#7]=[#6](/[#7])-[#7])-[#6](-[#8])=O,[C]S(=O)(=O)[N]c1c([C]N=O)cc(C([O])=O)cc1N=C([N])[N],ZDOFFHOUWJIDLQ-UHFFFAOYSA-N,Neuraminidase,,NAME::Neuraminidase,IC50,80000.0,nM,4.096910013008056,0
BindingDB,7224,,"[#6]-[#7](-[#6]-[#6]=[#6])-[#6](=O)-[#6](-[#7]-[#6](-[#6])=O)-[#6@H]-1-[#6]-[#6](-[#6]-[#6@@H]-1\[#7]=[#6](\[#7])-[#7])-[#6](-[#8])=O |r,w:14.21,7.7|",[C]C(=O)[N][C](C(=O)N([C])[C][C]=[C])[C@H]1[C][C](C([O])=O)[C][C@@H]1N=C([N])[N],ODXVEMIZWMFZGR-QWRGUYRKSA-N,Neuraminidase,,NAME::Neuraminidase,IC50,11700.0,nM,4.931814138253839,0
BindingDB,408734,,CSCC[C@H](N)C(=O)Nc1nc(CC(O)=O)cs1,CSCC[C@H](N)C(=O)Nc1nc(CC(=O)O)cs1,BMCHEBFMAIQHTR-ZETCQYMHSA-N,Neuraminidase,,NAME::Neuraminidase,IC50,7780.0,nM,5.109020403010311,0
BindingDB,7767,,"[H][C@]1(OC(=C[C@H](N)[C@H]1NC(C)=O)C(O)=O)C(=O)N(CCc1ccccc1)CC(C)C |r,c:3|",CC(=O)N[C@@H]1[C@@H](N)C=C(C(=O)O)O[C@H]1C(=O)N(CCc1ccccc1)CC(C)C,NETGNERKSZIJFZ-QXAKKESOSA-N,Neuraminidase,,NAME::Neuraminidase,IC50,110000.0,nM,3.958607314841775,0
BindingDB,7857,,"CCC(CC)O[C@H]1[C@H](NC(C)=O)[C@@H](N)CC(C(O)=O)=C1F |r,c:18|",CCC(CC)O[C@@H]1C(F)=C(C(=O)O)C[C@H](N)[C@H]1NC(C)=O,DTBDFNJXZHXCFW-CYZMBNFOSA-N,Neuraminidase,,NAME::Neuraminidase,IC50,90.0,nM,7.045757490560675,1
BindingDB,8450,,CCC(CC)Oc1cc(ccc1NC(C)=O)C(O)=O,CCC(CC)Oc1cc(C(=O)O)ccc1NC(C)=O,JHIRZLCUYQGGJI-UHFFFAOYSA-N,Neuraminidase,,NAME::Neuraminidase,IC50,37000.0,nM,4.431798275933005,0
BindingDB,8362,,"CCCO[C@@H]1C=C(C[C@H](N)[C@H]1NC(=O)CC)C(O)=O |r,c:5|",CCCO[C@@H]1C=C(C(=O)O)C[C@H](N)[C@H]1NC(=O)CC,JSSVBLPCZUAOLK-HOSYDEDBSA-N,Neuraminidase,,NAME::Neuraminidase,IC50,1500.0,nM,5.823908740944319,0
BindingDB,7706,,"[H][C@]1([#8]-[#6](=[#6]-[#6@H](\[#7]=[#6](/[#7])-[#7])-[#6@H]1-[#7]-[#6](-[#6])=O)-[#6](-[#8])=O)[#6](=O)-[#7](-[#6])-[#6] |r,c:3|",[C]C(=O)[N][C@@H]1[C@@H](N=C([N])[N])[C]=C(C([O])=O)O[C@H]1C(=O)N([C])[C],IUNHXBIXSLXBSL-NBEYISGCSA-N,Neuraminidase,,NAME::Neuraminidase,IC50,25.0,nM,7.602059991327962,1
BindingDB,7133,,OC(=O)c1ccc(NC(=O)c2ccccc2)cc1,O=C(O)c1ccc(NC(=O)c2ccccc2)cc1,UZKKMWJMAJGMPF-UHFFFAOYSA-N,Neuraminidase,,NAME::Neuraminidase,IC50,1500000.0,nM,2.8239087409443187,0
BindingDB,7210,,"[#6]-[#6](=O)-[#7]-[#6](-[#6@H]-1-[#6]-[#6](-[#6]-[#6@@H]-1\[#7]=[#6](\[#7])-[#7])-[#6](-[#8])=O)-[#6](=O)-[#7]-[#6]-[#6]=[#6] |r,w:7.14,4.3|",[C]C(=O)[N][C](C(=O)[N][C][C]=[C])[C@H]1[C][C](C([O])=O)[C][C@@H]1N=C([N])[N],ARWDLTVKTIJDPJ-UWVGGRQHSA-N,Neuraminidase,,NAME::Neuraminidase,IC50,4300.0,nM,5.366531544420413,0
BindingDB,8441,,"CCC1CCN(CC1)[C@@H]1C=C(C[C@H](N)[C@H]1NC(C)=O)C(O)=O |r,c:10|",CCC1CCN([C@@H]2C=C(C(=O)O)C[C@H](N)[C@H]2NC(C)=O)CC1,ZMKUNMGXTLXQDD-RRFJBIMHSA-N,Neuraminidase,,NAME::Neuraminidase,IC50,62.0,nM,7.207608310501746,1
BindingDB,8464,,CCC(CC)Nc1cc(ccc1NC(C)=O)C(O)=O,CCC(CC)Nc1cc(C(=O)O)ccc1NC(C)=O,QWGXCMBQVNXFFZ-UHFFFAOYSA-N,Neuraminidase,,NAME::Neuraminidase,IC50,2300000.0,nM,2.638272163982407,0
BindingDB,7138,,[#6]-[#6](=O)-[#7]-c1ccc(cc1\[#7]=[#6](/[#7])-[#7])-[#6](-[#8])=O,[C]C(=O)[N]c1ccc(C([O])=O)cc1N=C([N])[N],IKYMQYVOEIGMAQ-UHFFFAOYSA-N,Neuraminidase,,NAME::Neuraminidase,IC50,2500.0,nM,5.6020599913279625,0
BindingDB,7146,,[#6]S(=O)[#6]-c1ccc(cc1\[#7]=[#6](/[#7])-[#7])-[#6](-[#8])=O,[C][S+]([O-])[C]c1ccc(C([O])=O)cc1N=C([N])[N],AGQYZSNWYAXJCG-UHFFFAOYSA-N,Neuraminidase,,NAME::Neuraminidase,IC50,140000.0,nM,3.853871964321762,0
BindingDB,7803,,"C[C@H]1CC[C@H](C)N1C(=O)[C@@H]1OC(=C[C@H](N)[C@H]1NC(C)=O)C(O)=O |r,c:12|",CC(=O)N[C@@H]1[C@@H](N)C=C(C(=O)O)O[C@H]1C(=O)N1[C@@H](C)CC[C@@H]1C,PHYBFKLXQMCMNU-LLHKWGMCSA-N,Neuraminidase,,NAME::Neuraminidase,IC50,53000.0,nM,4.275724130399211,0
BindingDB,7849,,"CCCCO[C@@H]1C=C(C[C@H](N=C(N)N)[C@H]1NC(C)=O)C(O)=O |r,c:6|",CCCCO[C@@H]1C=C(C(=O)O)C[C@H](N=C(N)N)[C@H]1NC(C)=O,KSPORGXVFPIYIQ-QJPTWQEYSA-N,Neuraminidase,,NAME::Neuraminidase,IC50,3.0,nM,8.522878745280337,1
BindingDB,7227,,"[#6]-[#7](-[#6]-[#6]-c1ccccc1)-[#6](=O)-[#6](-[#7]-[#6](-[#6])=O)-[#6@H]-1-[#6]-[#6](-[#6]-[#6@@H]-1\[#7]=[#6](\[#7])-[#7])-[#6](-[#8])=O |r,w:19.27,12.13|",[C]C(=O)[N][C](C(=O)N([C])[C][C]c1ccccc1)[C@H]1[C][C](C([O])=O)[C][C@@H]1N=C([N])[N],WEBONCBFPVNRAN-HOTGVXAUSA-N,Neuraminidase,,NAME::Neuraminidase,IC50,26700.0,nM,4.573488738635425,0
BindingDB,7717,,"[H][C@]1(OC(=C[C@H](N)[C@H]1NC(C)=O)C(O)=O)C(=O)N1C(C)CCC1C |r,c:3|",CC(=O)N[C@@H]1[C@@H](N)C=C(C(=O)O)O[C@H]1C(=O)N1C(C)CCC1C,PHYBFKLXQMCMNU-XFWWHTIISA-N,Neuraminidase,,NAME::Neuraminidase,IC50,6.0,nM,8.221848749616356,1
BindingDB,8373,,"CCCCN(CC)[C@@H]1C=C(C[C@H](N)[C@H]1NC(C)=O)C(O)=O |r,c:8|",CCCCN(CC)[C@@H]1C=C(C(=O)O)C[C@H](N)[C@H]1NC(C)=O,XAOXVEKLSJSSHZ-BFHYXJOUSA-N,Neuraminidase,,NAME::Neuraminidase,IC50,85.0,nM,7.070581074285707,1
BindingDB,408720,,CCOC(=O)Cc1csc(NC(=O)[C@@H](N)[C@H](C)CC)n1,CCOC(=O)Cc1csc(NC(=O)[C@@H](N)[C@H](C)CC)n1,SQVQLMDGWRRRTM-KCJUWKMLSA-N,Neuraminidase,,NAME::Neuraminidase,IC50,36600.0,nM,4.436518914605589,0
BindingDB,7184,,"[#6]-[#6](-[#6])-[#7](-[#6])-[#6](=O)-[#6](-[#7]-[#6](-[#6])=O)-[#6@H]-1-[#6]-[#6](-[#6]-[#6@@H]-1\[#7]=[#6](\[#7])-[#7])-[#6](-[#8])=O |r,w:14.21,7.7|",[C][C]([C])N([C])C(=O)[C]([N]C([C])=O)[C@H]1[C][C](C([O])=O)[C][C@@H]1N=C([N])[N],TTYFQGVJGGGMEK-QWRGUYRKSA-N,Neuraminidase,,NAME::Neuraminidase,IC50,3210.0,nM,5.493494967595128,0
BindingDB,8448,,CCC(CC)C(=O)Nc1cc(ccc1NC(=O)C)C(=O)O,CCC(CC)C(=O)Nc1cc(C(=O)O)ccc1NC(C)=O,USKXJFHTBQWXCS-UHFFFAOYSA-N,Neuraminidase,,NAME::Neuraminidase,IC50,27000.0,nM,4.568636235841013,0
BindingDB,8454,,[#6]-[#6]-[#6](-[#6]-[#6])-[#8]-c1cc(cc(\[#7]=[#6](/[#7])-[#7])c1-[#7]-[#6](-[#6])=O)-[#6](-[#8])=O,[C][C][C]([C][C])Oc1cc(C([O])=O)cc(N=C([N])[N])c1[N]C([C])=O,GIEZNHHTMHOKEP-UHFFFAOYSA-N,Neuraminidase,,NAME::Neuraminidase,IC50,3000.0,nM,5.522878745280337,0
BindingDB,8392,,"CCC(CC)O[C@@H]1C=C(C[C@H](N)[C@H]1NC(C)=O)C(O)=O |r,c:7|",CCC(CC)O[C@@H]1C=C(C(=O)O)C[C@H](N)[C@H]1NC(C)=O,NENPYTRHICXVCS-YNEHKIRRSA-N,Neuraminidase,,NAME::Neuraminidase,IC50,4.0,nM,8.397940008672037,1
BindingDB,7161,,CS(=O)(=O)Nc1ccc(nc1)C(O)=O,CS(=O)(=O)Nc1ccc(C(=O)O)nc1,LRPFZRRIVDMTPS-UHFFFAOYSA-N,Neuraminidase,,NAME::Neuraminidase,IC50,3000000.0,nM,2.5228787452803374,0
BindingDB,7735,,"[H][C@]1(OC(=C[C@H](N)[C@H]1NC(C)=O)C(O)=O)C(=O)N(CCC)Cc1ccccc1 |r,c:3|",CCCN(Cc1ccccc1)C(=O)[C@@H]1OC(C(=O)O)=C[C@H](N)[C@H]1NC(C)=O,OBRFFAUWYCOFJW-USXIJHARSA-N,Neuraminidase,,NAME::Neuraminidase,IC50,4200.0,nM,5.376750709602099,0
BindingDB,7135,,OC(=O)c1cccc(NC#N)c1,N#CNc1cccc(C(=O)O)c1,YPROJFJRZCMMAW-UHFFFAOYSA-N,Neuraminidase,,NAME::Neuraminidase,IC50,4000000.0,nM,2.397940008672037,0
BindingDB,408729,,CC(C)C[C@H](NC(=O)OC(C)(C)C)C(=O)Nc1nc(CC(O)=O)cs1,CC(C)C[C@H](NC(=O)OC(C)(C)C)C(=O)Nc1nc(CC(=O)O)cs1,PGKSWGZNBKPSGM-NSHDSACASA-N,Neuraminidase,,NAME::Neuraminidase,IC50,127000.0,nM,3.8961962790440423,0
BindingDB,7807,,"CO[C@@H]1C=C(C[C@H](N)[C@H]1NC(C)=O)C(O)=O |r,c:3|",CO[C@@H]1C=C(C(=O)O)C[C@H](N)[C@H]1NC(C)=O,MMVFSYQYYBURNA-DJLDLDEBSA-N,Neuraminidase,,NAME::Neuraminidase,IC50,3700.0,nM,5.431798275933005,0
BindingDB,8418,,"CC(=O)N[C@@H]1[C@@H](N)CC(=C[C@H]1N1CCCCCCCC1)C(O)=O |r,c:8|",CC(=O)N[C@H]1[C@H](N2CCCCCCCC2)C=C(C(=O)O)C[C@@H]1N,MWQLSGCFGLUGJI-ARFHVFGLSA-N,Neuraminidase,,NAME::Neuraminidase,IC50,75.0,nM,7.1249387366083,1
BindingDB,8425,,"CC(=O)N[C@@H]1[C@@H](N)CC(=C[C@H]1N1C2CCC1CCC2)C(O)=O |r,c:8|",CC(=O)N[C@H]1[C@H](N2C3CCCC2CC3)C=C(C(=O)O)C[C@@H]1N,CBIVFZXLBGGJIX-MMCPYJTDSA-N,Neuraminidase,,NAME::Neuraminidase,IC50,32.0,nM,7.494850021680094,1
BindingDB,7142,,CS(=O)(=O)Nc1ccc(cc1CN=O)C(O)=O,CS(=O)(=O)Nc1ccc(C(=O)O)cc1CN=O,DUHXYQHLAYUDIL-UHFFFAOYSA-N,Neuraminidase,,NAME::Neuraminidase,IC50,2000000.0,nM,2.6989700043360187,0
BindingDB,7139,,CC(=O)Nc1ccc(cc1CN=O)C(O)=O,CC(=O)Nc1ccc(C(=O)O)cc1CN=O,NCUFTJIQHNFJCY-UHFFFAOYSA-N,Neuraminidase,,NAME::Neuraminidase,IC50,5500000.0,nM,2.259637310505756,0
BindingDB,7189,,"[#6]-[#6]-[#7](-[#6]-[#6])-[#6](=O)-[#6](-[#7]-[#6](-[#6])=O)-[#6@H]-1-[#6]-[#6](-[#6]-[#6@@H]-1\[#7]=[#6](\[#7])-[#7])-[#6](-[#8])=O |r,w:14.21,7.7|",[C][C]N([C][C])C(=O)[C]([N]C([C])=O)[C@H]1[C][C](C([O])=O)[C][C@@H]1N=C([N])[N],JPFLNZZDGBAOIF-QWRGUYRKSA-N,Neuraminidase,,NAME::Neuraminidase,IC50,15.0,nM,7.823908740944319,1
BindingDB,8403,,"[#6]-[#6]-[#6](-[#6]-[#6])-[#6](=O)-[#7]-1-[#7]=[#6](-[#6]-[#6@H](\[#7]=[#6](/[#7])-[#7])-[#6@H]-1-[#7]-[#6](-[#6])=O)-[#6](-[#8])=O |r,c:8|",[C][C][C]([C][C])C(=O)N1N=C(C([O])=O)[C][C@H](N=C([N])[N])[C@H]1[N]C([C])=O,URVVOVKHMMEBQB-ONGXEEELSA-N,Neuraminidase,,NAME::Neuraminidase,IC50,22000.0,nM,4.657577319177793,0
BindingDB,7204,,"[#6]-[#6]-1-[#6]-[#6]-[#7](-[#6]-[#6]-1)-[#6](=O)-[#6](-[#7]-[#6](-[#6])=O)-[#6@H]-1-[#6]-[#6](-[#6]-[#6@@H]-1\[#7]=[#6](\[#7])-[#7])-[#6](-[#8])=O |r,w:16.24,9.10|",[C][C]1[C][C]N(C(=O)[C]([N]C([C])=O)[C@H]2[C][C](C([O])=O)[C][C@@H]2N=C([N])[N])[C][C]1,YLRARSBIGBBLPF-STQMWFEESA-N,Neuraminidase,,NAME::Neuraminidase,IC50,8200.0,nM,5.086186147616283,0
BindingDB,7792,,"CC(=O)N[C@@H]1[C@@H](N)C=C(O[C@H]1C(=O)N1CCCC1)C(O)=O |r,c:7|",CC(=O)N[C@@H]1[C@@H](N)C=C(C(=O)O)O[C@H]1C(=O)N1CCCC1,YFSBDINKKSWHPG-JMJZKYOTSA-N,Neuraminidase,,NAME::Neuraminidase,IC50,2900.0,nM,5.537602002101044,0
BindingDB,7835,,"CCC(CC)O[C@@H]1C=C(C[C@H](N)[C@H]1NC(C)=O)C(O)=O |r,c:7|",CCC(CC)O[C@@H]1C=C(C(=O)O)C[C@H](N)[C@H]1NC(C)=O,NENPYTRHICXVCS-YNEHKIRRSA-N,Neuraminidase,,NAME::Neuraminidase,IC50,3.0,nM,8.522878745280337,1
BindingDB,8390,,"CC(C)C(=O)N[C@@H]1C=C(C[C@H](N)[C@H]1NC(C)=O)C(O)=O |r,c:7|",CC(=O)N[C@@H]1[C@@H](N)CC(C(=O)O)=C[C@H]1NC(=O)C(C)C,ZDYZHXUKXANZNA-HBNTYKKESA-N,Neuraminidase,,NAME::Neuraminidase,IC50,1700.0,nM,5.769551078621726,0
BindingDB,8475,,NC(=N)Nc1cc(ccc1N1C(CO)CCC1=O)C(O)=O,N=C(N)Nc1cc(C(=O)O)ccc1N1C(=O)CCC1CO,JKEFEWCCNRASGF-UHFFFAOYSA-N,Neuraminidase,,NAME::Neuraminidase,IC50,20000.0,nM,4.698970004336019,0
BindingDB,7724,,"[H][C@]1([#8]-[#6](=[#6]-[#6@H](\[#7]=[#6](/[#7])-[#7])-[#6@H]1-[#7]-[#6](-[#6])=O)-[#6](-[#8])=O)[#6](=O)-[#7](-[#6]-[#6])-[#6]-[#6] |r,c:3|",[C][C]N([C][C])C(=O)[C@@H]1OC(C([O])=O)=[C][C@H](N=C([N])[N])[C@H]1[N]C([C])=O,CUAVNFZUEPQNHB-JMJZKYOTSA-N,Neuraminidase,,NAME::Neuraminidase,IC50,1.0,nM,9.0,1
BindingDB,7223,,"[#6]-[#6](-[#6])-[#7](-[#6])-[#6](=O)-[#6](-[#7]-[#6](-[#6])=O)-[#6@H]-1-[#6]-[#6](-[#6]-[#6@@H]-1\[#7]=[#6](\[#7])-[#7])-[#6](-[#8])=O |r,w:14.21,7.7|",[C][C]([C])N([C])C(=O)[C]([N]C([C])=O)[C@H]1[C][C](C([O])=O)[C][C@@H]1N=C([N])[N],TTYFQGVJGGGMEK-QWRGUYRKSA-N,Neuraminidase,,NAME::Neuraminidase,IC50,6800.0,nM,5.167491087293763,0
BindingDB,8417,,"CC(=O)N[C@@H]1[C@@H](N)CC(=C[C@H]1N1CCCCCCC1)C(O)=O |r,c:8|",CC(=O)N[C@H]1[C@H](N2CCCCCCC2)C=C(C(=O)O)C[C@@H]1N,HEXKMBDBYKKIII-RRFJBIMHSA-N,Neuraminidase,,NAME::Neuraminidase,IC50,26.0,nM,7.585026652029182,1
BindingDB,7791,,"[H][C@]1(OC(=C[C@H](N)[C@H]1NC(C)=O)C(O)=O)C(=O)N(CCC)CCc1cccc(c1)-c1ccccc1 |r,c:3|",CCCN(CCc1cccc(-c2ccccc2)c1)C(=O)[C@@H]1OC(C(=O)O)=C[C@H](N)[C@H]1NC(C)=O,GOWBQXLGPORSCM-QPTUXGOLSA-N,Neuraminidase,,NAME::Neuraminidase,IC50,2.0,nM,8.698970004336019,1
BindingDB,7709,,"[H][C@]1(OC(=C[C@H](N)[C@H]1NC(C)=O)C(O)=O)C(=O)N(C)C |r,c:3|",CC(=O)N[C@@H]1[C@@H](N)C=C(C(=O)O)O[C@H]1C(=O)N(C)C,YBJOBBMCPNXAPT-NBEYISGCSA-N,Neuraminidase,,NAME::Neuraminidase,IC50,61000.0,nM,4.214670164989233,0
BindingDB,7834,,"CC[C@H](C)O[C@@H]1C=C(C[C@H](N)[C@H]1NC(C)=O)C(O)=O |r,c:6|",CC[C@H](C)O[C@@H]1C=C(C(=O)O)C[C@H](N)[C@H]1NC(C)=O,SNPFQPYAZIIERE-CWPPHPDTSA-N,Neuraminidase,,NAME::Neuraminidase,IC50,2.0,nM,8.698970004336019,1
BindingDB,7864,,[H][C@@](CCCC)(NC(C)=O)[C@@H]1C[C@H](C[C@H]1N=C(N)N)C(O)=O |r|,CCCC[C@H](NC(C)=O)[C@@H]1C[C@@H](C(=O)O)C[C@H]1N=C(N)N,FOEDJODWGAJPQM-NOOOWODRSA-N,Neuraminidase,,NAME::Neuraminidase,IC50,13.0,nM,7.886056647693163,1
BindingDB,8408,,"[H][C@@](CC)(CCO)O[C@@H]1C=C(C[C@H](N)[C@H]1NC(C)=O)C(O)=O |r,c:9|",CC[C@H](CCO)O[C@@H]1C=C(C(=O)O)C[C@H](N)[C@H]1NC(C)=O,UOGXNGRTMXTGCK-YVECIDJPSA-N,Neuraminidase,,NAME::Neuraminidase,IC50,30.0,nM,7.522878745280337,1
BindingDB,7842,,"CC[C@@H](CCc1ccccc1)O[C@@H]1C=C(C[C@H](N)[C@H]1NC(C)=O)C(O)=O |r,c:14|",CC[C@@H](CCc1ccccc1)O[C@@H]1C=C(C(=O)O)C[C@H](N)[C@H]1NC(C)=O,GLTBEVKCDJQDEE-INDMIFKZSA-N,Neuraminidase,,NAME::Neuraminidase,IC50,0.3,nM,9.522878745280336,1
BindingDB,7824,,"CC[C@H](C)O[C@@H]1C=C(C[C@H](N)[C@H]1NC(C)=O)C(O)=O |r,c:6|",CC[C@H](C)O[C@@H]1C=C(C(=O)O)C[C@H](N)[C@H]1NC(C)=O,SNPFQPYAZIIERE-CWPPHPDTSA-N,Neuraminidase,,NAME::Neuraminidase,IC50,9.0,nM,8.045757490560675,1
BindingDB,7158,,[#6]-[#6](=O)-[#7]-c1c(-[#6]-[#6]-[#8])cc(cc1\[#7]=[#6](/[#7])-[#7])-[#6](-[#8])=O,[C]C(=O)[N]c1c([C][C][O])cc(C([O])=O)cc1N=C([N])[N],ZEQRENYNKUQZKD-UHFFFAOYSA-N,Neuraminidase,,NAME::Neuraminidase,IC50,400000.0,nM,3.397940008672037,0
BindingDB,7159,,[#6]S(=O)(=O)[#7]-c1c(-[#6]-[#8])cc(cc1\[#7]=[#6](/[#7])-[#7])-[#6](-[#8])=O,[C]S(=O)(=O)[N]c1c([C][O])cc(C([O])=O)cc1N=C([N])[N],PRIPPZGFLRTRLI-UHFFFAOYSA-N,Neuraminidase,,NAME::Neuraminidase,IC50,2000000.0,nM,2.6989700043360187,0
BindingDB,408719,,CCOC(=O)Cc1csc(NC(=O)[C@@H](NC(=O)OC(C)(C)C)[C@H](C)CC)n1,CCOC(=O)Cc1csc(NC(=O)[C@@H](NC(=O)OC(C)(C)C)[C@H](C)CC)n1,PAVAKGKCDNUFFP-RISCZKNCSA-N,Neuraminidase,,NAME::Neuraminidase,IC50,40300.0,nM,4.394694953858891,0
BindingDB,7232,,"[#6]-[#6]-[#6]-[#7](-[#6]-[#6]-1-[#6]-[#6]-1)-[#6](=O)-[#6](-[#7]-[#6](-[#6])=O)-[#6@H]-1-[#6]-[#6](-[#6]-[#6@@H]-1\[#7]=[#6](\[#7])-[#7])-[#6](-[#8])=O |r,w:17.25,10.11|",[C][C][C]N([C][C]1[C][C]1)C(=O)[C]([N]C([C])=O)[C@H]1[C][C](C([O])=O)[C][C@@H]1N=C([N])[N],WOFLONXGMJDHBO-KBPBESRZSA-N,Neuraminidase,,NAME::Neuraminidase,IC50,24000.0,nM,4.619788758288394,0
BindingDB,8379,,"CCC(CC)C(=O)N[C@@H]1C=C(C[C@H](N)[C@H]1NC(C)=O)C(O)=O |r,c:9|",CCC(CC)C(=O)N[C@@H]1C=C(C(=O)O)C[C@H](N)[C@H]1NC(C)=O,RUXBAAFLWYBMAI-YNEHKIRRSA-N,Neuraminidase,,NAME::Neuraminidase,IC50,4000.0,nM,5.3979400086720375,0
BindingDB,7698,,"[H][C@]1(OC(=C[C@H](N)[C@H]1NC(C)=O)C(O)=O)C(=O)NCCO |r,c:3|",CC(=O)N[C@@H]1[C@@H](N)C=C(C(=O)O)O[C@H]1C(=O)NCCO,HCUJGMBMEGUYNG-NBEYISGCSA-N,Neuraminidase,,NAME::Neuraminidase,IC50,420000.0,nM,3.376750709602099,0
BindingDB,7144,,[#6]-[#7]-[#6](=O)-c1ccc(cc1\[#7]=[#6](/[#7])-[#7])-[#6](-[#8])=O,[C][N]C(=O)c1ccc(C([O])=O)cc1N=C([N])[N],MGSLHQNHPIYHOM-UHFFFAOYSA-N,Neuraminidase,,NAME::Neuraminidase,IC50,5000.0,nM,5.301029995663981,0
BindingDB,7707,,"[H][C@]1([#8]-[#6](=[#6]-[#6@H](\[#7]=[#6](/[#7])-[#7])-[#6@H]1-[#7]-[#6](-[#6])=O)-[#6](-[#8])=O)[#6](=O)-[#7](-[#6])-[#6]-[#6]-[#6] |r,c:3|",[C][C][C]N([C])C(=O)[C@@H]1OC(C([O])=O)=[C][C@H](N=C([N])[N])[C@H]1[N]C([C])=O,YWDPAFZHUTYEDF-JMJZKYOTSA-N,Neuraminidase,,NAME::Neuraminidase,IC50,4.0,nM,8.397940008672037,1
BindingDB,7818,,"CC[C@@H](C)O[C@@H]1C=C(C[C@H](N)[C@H]1NC(C)=O)C(O)=O |r,c:6|",CC[C@@H](C)O[C@@H]1C=C(C(=O)O)C[C@H](N)[C@H]1NC(C)=O,SNPFQPYAZIIERE-UYZPKGHCSA-N,Neuraminidase,,NAME::Neuraminidase,IC50,10.0,nM,8.0,1
BindingDB,7208,,"[#6]-[#6]-[#7]-[#6](=O)-[#6](-[#7]-[#6](-[#6])=O)-[#6@H]-1-[#6]-[#6](-[#6]-[#6@@H]-1\[#7]=[#6](\[#7])-[#7])-[#6](-[#8])=O |r,w:12.19,5.5|",[C][C][N]C(=O)[C]([N]C([C])=O)[C@H]1[C][C](C([O])=O)[C][C@@H]1N=C([N])[N],SDKCGLQOLAMLCF-IUCAKERBSA-N,Neuraminidase,,NAME::Neuraminidase,IC50,3100.0,nM,5.508638306165727,0
BindingDB,7147,,[#6]S(=O)(=O)[#6]-c1ccc(cc1\[#7]=[#6](/[#7])-[#7])-[#6](-[#8])=O,[C]S(=O)(=O)[C]c1ccc(C([O])=O)cc1N=C([N])[N],KJQSBEIIDQJGAT-UHFFFAOYSA-N,Neuraminidase,,NAME::Neuraminidase,IC50,300000.0,nM,3.5228787452803374,0
BindingDB,7861,,CCCCC(NC(C)=O)[C@@H]1CC(C[C@H]1N=C(N)N)C(O)=O |r|,CCCCC(NC(C)=O)[C@@H]1CC(C(=O)O)C[C@H]1N=C(N)N,FOEDJODWGAJPQM-POSLAHMBSA-N,Neuraminidase,,NAME::Neuraminidase,IC50,50.0,nM,7.301029995663981,1
BindingDB,7773,,"[H][C@]1(OC(=C[C@H](N)[C@H]1NC(C)=O)C(O)=O)C(=O)N(CCC)CCc1ccc(O)cc1 |r,c:3|",CCCN(CCc1ccc(O)cc1)C(=O)[C@@H]1OC(C(=O)O)=C[C@H](N)[C@H]1NC(C)=O,XZYRYUBODJBXBL-CGTJXYLNSA-N,Neuraminidase,,NAME::Neuraminidase,IC50,9.0,nM,8.045757490560675,1
BindingDB,8391,,"CCC(CC)C(=O)N[C@@H]1C=C(C[C@H](N)[C@H]1NC(C)=O)C(O)=O |r,c:9|",CCC(CC)C(=O)N[C@@H]1C=C(C(=O)O)C[C@H](N)[C@H]1NC(C)=O,RUXBAAFLWYBMAI-YNEHKIRRSA-N,Neuraminidase,,NAME::Neuraminidase,IC50,3200.0,nM,5.494850021680094,0
BindingDB,8377,,"CCC(=O)N[C@@H]1C=C(C[C@H](N)[C@H]1NC(C)=O)C(O)=O |r,c:6|",CCC(=O)N[C@@H]1C=C(C(=O)O)C[C@H](N)[C@H]1NC(C)=O,VIPZFBVMNXXPOS-IQJOONFLSA-N,Neuraminidase,,NAME::Neuraminidase,IC50,2700.0,nM,5.568636235841012,0
BindingDB,8413,,"CC(=O)N[C@@H]1[C@@H](N)CC(=C[C@H]1N1CCC1)C(O)=O |r,c:8|",CC(=O)N[C@H]1[C@H](N2CCC2)C=C(C(=O)O)C[C@@H]1N,NBJSIQRSLYGYHV-HBNTYKKESA-N,Neuraminidase,,NAME::Neuraminidase,IC50,1000.0,nM,6.0,0
BindingDB,8444,,"CC(=O)N[C@@H]1[C@@H](N)CC(=C[C@H]1N1CCCCC[C@@H]1CO)C(O)=O |r,c:8|",CC(=O)N[C@H]1[C@H](N2CCCCC[C@@H]2CO)C=C(C(=O)O)C[C@@H]1N,IIIHFJUFPWPHFQ-LXTVHRRPSA-N,Neuraminidase,,NAME::Neuraminidase,IC50,14.0,nM,7.853871964321762,1
BindingDB,7145,,[#7]\[#6](-[#7])=[#7]/c1cc(ccc1S([#7])(=O)=O)-[#6](-[#8])=O,[N]C([N])=Nc1cc(C([O])=O)ccc1S([N])(=O)=O,ABQNTSGVOKMQQK-UHFFFAOYSA-N,Neuraminidase,,NAME::Neuraminidase,IC50,9000.0,nM,5.045757490560675,0
BindingDB,7774,,"[H][C@]1(OC(=C[C@H](N)[C@H]1NC(C)=O)C(O)=O)C(=O)N(CCC)CCc1cccc(OC)c1 |r,c:3|",CCCN(CCc1cccc(OC)c1)C(=O)[C@@H]1OC(C(=O)O)=C[C@H](N)[C@H]1NC(C)=O,BCFJLDKEDRAZBZ-QXAKKESOSA-N,Neuraminidase,,NAME::Neuraminidase,IC50,5.0,nM,8.301029995663981,1
BindingDB,408725,,CC(C)[C@H](NC(=O)OC(C)(C)C)C(=O)Nc1nc(CC(O)=O)cs1,CC(C)[C@H](NC(=O)OC(C)(C)C)C(=O)Nc1nc(CC(=O)O)cs1,ONVMPZDBNWZONH-NSHDSACASA-N,Neuraminidase,,NAME::Neuraminidase,IC50,38300.0,nM,4.416801226031377,0
BindingDB,7212,,"[#6]-[#6]-[#6](-[#6])-[#7]-[#6](=O)-[#6](-[#7]-[#6](-[#6])=O)-[#6@H]-1-[#6]-[#6](-[#6]-[#6@@H]-1\[#7]=[#6](\[#7])-[#7])-[#6](-[#8])=O |r,w:14.21,7.7|",[C][C][C]([C])[N]C(=O)[C]([N]C([C])=O)[C@H]1[C][C](C([O])=O)[C][C@@H]1N=C([N])[N],COEODGHKRRAVRH-QWRGUYRKSA-N,Neuraminidase,,NAME::Neuraminidase,IC50,16500.0,nM,4.782516055786093,0
BindingDB,8366,,"CCCO[C@@H]1C=C(C[C@H](N=C(N)NC)[C@H]1NC(C)=O)C(O)=O |r,w:10.10,c:5|",CCCO[C@@H]1C=C(C(=O)O)C[C@H](N=C(N)NC)[C@H]1NC(C)=O,ROGKFDGNMDXYMW-QJPTWQEYSA-N,Neuraminidase,,NAME::Neuraminidase,IC50,4.6,nM,8.337242168318426,1
BindingDB,8424,,"CCCC1CCN(CC1)[C@@H]1C=C(C[C@H](N)[C@H]1NC(C)=O)C(O)=O |r,c:11|",CCCC1CCN([C@@H]2C=C(C(=O)O)C[C@H](N)[C@H]2NC(C)=O)CC1,RYUYQPZJUOKCMD-ARFHVFGLSA-N,Neuraminidase,,NAME::Neuraminidase,IC50,40.0,nM,7.397940008672037,1
BindingDB,7166,,CC(=O)Nc1cnc(cc1N)C(O)=O,CC(=O)Nc1cnc(C(=O)O)cc1N,OKNLQYZKSDZFTL-UHFFFAOYSA-N,Neuraminidase,,NAME::Neuraminidase,IC50,70000.0,nM,4.154901959985743,0
BindingDB,7837,,"CC[C@H](CC=C)O[C@@H]1C=C(C[C@H](N)[C@H]1NC(C)=O)C(O)=O |r,c:8|",C=CC[C@@H](CC)O[C@@H]1C=C(C(=O)O)C[C@H](N)[C@H]1NC(C)=O,HQIVDWCSVLHHIC-XJFOESAGSA-N,Neuraminidase,,NAME::Neuraminidase,IC50,24.0,nM,7.619788758288394,1
BindingDB,7714,,"[H][C@]1(OC(=C[C@H](N)[C@H]1NC(C)=O)C(O)=O)C(=O)N(CCC)CCC |r,c:3|",CCCN(CCC)C(=O)[C@@H]1OC(C(=O)O)=C[C@H](N)[C@H]1NC(C)=O,ZXZWQHMARLSKTR-CYZMBNFOSA-N,Neuraminidase,,NAME::Neuraminidase,IC50,2000.0,nM,5.698970004336019,0
BindingDB,8435,,"CC(=O)N[C@@H]1[C@@H](N)CC(=C[C@H]1N1CCCCCCC1)C(O)=O |r,c:8|",CC(=O)N[C@H]1[C@H](N2CCCCCCC2)C=C(C(=O)O)C[C@@H]1N,HEXKMBDBYKKIII-RRFJBIMHSA-N,Neuraminidase,,NAME::Neuraminidase,IC50,14.0,nM,7.853871964321762,1
BindingDB,7186,,"[#6]-[#6]-[#6]-[#6]-[#7](-[#6])-[#6](=O)-[#6](-[#7]-[#6](-[#6])=O)-[#6@H]-1-[#6]-[#6](-[#6]-[#6@@H]-1\[#7]=[#6](\[#7])-[#7])-[#6](-[#8])=O |r,w:15.22,8.8|",[C][C][C][C]N([C])C(=O)[C]([N]C([C])=O)[C@H]1[C][C](C([O])=O)[C][C@@H]1N=C([N])[N],IJBJVRGTLPWWFY-RYUDHWBXSA-N,Neuraminidase,,NAME::Neuraminidase,IC50,2400.0,nM,5.619788758288394,0
BindingDB,408710,,CC(=O)Nc1nc(C)cs1,CC(=O)Nc1nc(C)cs1,DPDJXTANWGNJOE-UHFFFAOYSA-N,Neuraminidase,,NAME::Neuraminidase,IC50,358000.0,nM,3.446116973356125,0
BindingDB,8455,,CCC(CC)Oc1cc(ccc1NC(C)=O)C(O)=O,CCC(CC)Oc1cc(C(=O)O)ccc1NC(C)=O,JHIRZLCUYQGGJI-UHFFFAOYSA-N,Neuraminidase,,NAME::Neuraminidase,IC50,15000.0,nM,4.823908740944319,0
BindingDB,7244,,"[#6]-[#6](=O)-[#7]-[#6](-[#6@H]-1-[#6]-[#6](-[#6]-[#6@@H]-1\[#7]=[#6](\[#7])-[#7])-[#6](-[#8])=O)-[#6](=O)-[#7]-1-[#6]-[#6]-[#8]-[#6]-[#6]-1 |r,w:7.14,4.3|",[C]C(=O)[N][C](C(=O)N1[C][C]O[C][C]1)[C@H]1[C][C](C([O])=O)[C][C@@H]1N=C([N])[N],CWEIMRGJOYGRPD-QWRGUYRKSA-N,Neuraminidase,,NAME::Neuraminidase,IC50,7800.0,nM,5.107905397309519,0
BindingDB,7768,,"[H][C@]1(OC(=C[C@H](N)[C@H]1NC(C)=O)C(O)=O)C(=O)N(CCc1ccccc1)C(C)C |r,c:3|",CC(=O)N[C@@H]1[C@@H](N)C=C(C(=O)O)O[C@H]1C(=O)N(CCc1ccccc1)C(C)C,JPWICWCKANHMHT-CGTJXYLNSA-N,Neuraminidase,,NAME::Neuraminidase,IC50,7900.0,nM,5.102372908709558,0
BindingDB,8396,,"CCC(CC)O[C@H]1[C@H](NC(C)=O)[C@@H](N)CC(C(O)=O)=C1Cl |r,c:18|",CCC(CC)O[C@@H]1C(Cl)=C(C(=O)O)C[C@H](N)[C@H]1NC(C)=O,YORQPJJSBLLNJV-CYZMBNFOSA-N,Neuraminidase,,NAME::Neuraminidase,IC50,3100.0,nM,5.508638306165727,0
BindingDB,7785,,"[H][C@]1(OC(=C[C@H](N)[C@H]1NC(C)=O)C(O)=O)C(=O)N(CCC)CCc1cccc(O)c1 |r,c:3|",CCCN(CCc1cccc(O)c1)C(=O)[C@@H]1OC(C(=O)O)=C[C@H](N)[C@H]1NC(C)=O,UEWWTSZFOOGNQE-CGTJXYLNSA-N,Neuraminidase,,NAME::Neuraminidase,IC50,2300.0,nM,5.638272163982407,0
BindingDB,7716,,"[#6]-[#6](=O)-[#7]-[#6@@H]-1-[#6@H](-[#6]=[#6](-[#8]-[#6@H]-1-[#6@H](-[#8])-[#6@H](-[#8])-[#6]-[#8])-[#6](-[#8])=O)\[#7]=[#6](/[#7])-[#7] |r,c:6|",[C]C(=O)[N][C@H]1[C@H]([C@H]([O])[C@H]([O])[C][O])OC(C([O])=O)=[C][C@@H]1N=C([N])[N],OPQBOYCRQJUMRG-UFGQHTETSA-N,Neuraminidase,,NAME::Neuraminidase,IC50,4.0,nM,8.397940008672037,1
BindingDB,8370,,"CN(CCc1ccccc1)[C@@H]1C=C(C[C@H](N)[C@H]1NC(C)=O)C(O)=O |r,c:12|",CC(=O)N[C@H]1[C@H](N(C)CCc2ccccc2)C=C(C(=O)O)C[C@@H]1N,JGHGNWBFWJQGDZ-GVDBMIGSSA-N,Neuraminidase,,NAME::Neuraminidase,IC50,100.0,nM,7.0,1
BindingDB,7726,,"[H][C@]1(OC(=C[C@H](N)[C@H]1NC(C)=O)C(O)=O)C(=O)N1C(C)CCC1C |r,c:3|",CC(=O)N[C@@H]1[C@@H](N)C=C(C(=O)O)O[C@H]1C(=O)N1C(C)CCC1C,PHYBFKLXQMCMNU-XFWWHTIISA-N,Neuraminidase,,NAME::Neuraminidase,IC50,2800.0,nM,5.552841968657781,0
BindingDB,7711,,"[H][C@]1([#8]-[#6](=[#6]-[#6@H](\[#7]=[#6](/[#7])-[#7])-[#6@H]1-[#7]-[#6](-[#6])=O)-[#6](-[#8])=O)[#6](=O)-[#7]-[#6]-[#6]-[#6] |r,c:3|",[C][C][C][N]C(=O)[C@@H]1OC(C([O])=O)=[C][C@H](N=C([N])[N])[C@H]1[N]C([C])=O,NCFKZUPWGIMEIW-FXBDTBDDSA-N,Neuraminidase,,NAME::Neuraminidase,IC50,44000.0,nM,4.356547323513812,0
BindingDB,7745,,"CCCN(CCc1ccccc1)C(=O)[C@@H]1OC(=C[C@H](N)[C@H]1NC(C)=O)C(O)=O |r,c:17|",CCCN(CCc1ccccc1)C(=O)[C@@H]1OC(C(=O)O)=C[C@H](N)[C@H]1NC(C)=O,ZNRGSYNQOLEMKF-CGTJXYLNSA-N,Neuraminidase,,NAME::Neuraminidase,IC50,3600.0,nM,5.443697499232712,0
BindingDB,7765,,"[H][C@]1(OC(=C[C@H](N)[C@H]1NC(C)=O)C(O)=O)C(=O)N(CCN=[N+]=[N-])CCc1ccccc1 |r,c:3|",CC(=O)N[C@@H]1[C@@H](N)C=C(C(=O)O)O[C@H]1C(=O)N(CCN=[N+]=[N-])CCc1ccccc1,LPYMQRVYNBUDBN-USXIJHARSA-N,Neuraminidase,,NAME::Neuraminidase,IC50,28000.0,nM,4.552841968657781,0
BindingDB,7221,,"[#6]-[#6]-[#6](-[#6]-[#8]-[#6])-[#7]-[#6](=O)-[#6](-[#7]-[#6](-[#6])=O)-[#6@H]-1-[#6]-[#6](-[#6]-[#6@@H]-1\[#7]=[#6](\[#7])-[#7])-[#6](-[#8])=O |r,w:16.23,9.9|",[C][C][C]([C]O[C])[N]C(=O)[C]([N]C([C])=O)[C@H]1[C][C](C([O])=O)[C][C@@H]1N=C([N])[N],VHTQINVENSRWMZ-RYUDHWBXSA-N,Neuraminidase,,NAME::Neuraminidase,IC50,20000.0,nM,4.698970004336019,0
BindingDB,7206,,"[#6]-[#6](=O)-[#7]-[#6](-[#6@H]-1-[#6]-[#6](-[#6]-[#6@@H]-1\[#7]=[#6](\[#7])-[#7])-[#6](-[#8])=O)-[#6](=O)-[#7]-1-[#6]-[#6]-[#8]-[#6]-[#6]-1 |r,w:7.14,4.3|",[C]C(=O)[N][C](C(=O)N1[C][C]O[C][C]1)[C@H]1[C][C](C([O])=O)[C][C@@H]1N=C([N])[N],CWEIMRGJOYGRPD-QWRGUYRKSA-N,Neuraminidase,,NAME::Neuraminidase,IC50,40.0,nM,7.397940008672037,1
BindingDB,8382,,"CCC(CC)N(C)[C@@H]1C=C(C[C@H](N)[C@H]1NC(C)=O)C(O)=O |r,c:8|",CCC(CC)N(C)[C@@H]1C=C(C(=O)O)C[C@H](N)[C@H]1NC(C)=O,SXSWDQYDUTZALK-BFHYXJOUSA-N,Neuraminidase,,NAME::Neuraminidase,IC50,60.0,nM,7.221848749616356,1
BindingDB,7762,,"[H][C@]1(OC(=C[C@H](N)[C@H]1NC(C)=O)C(O)=O)C(=O)N(CCc1ccccc1)CC(O)=O |r,c:3|",CC(=O)N[C@@H]1[C@@H](N)C=C(C(=O)O)O[C@H]1C(=O)N(CCc1ccccc1)CC(=O)O,JDDODTKYXPWGDJ-IAOVAPTHSA-N,Neuraminidase,,NAME::Neuraminidase,IC50,75000.0,nM,4.1249387366083,0
BindingDB,7701,,"[H][C@]1(OC(=C[C@H](N)[C@H]1NC(C)=O)C(O)=O)C(=O)N(C)C |r,c:3|",CC(=O)N[C@@H]1[C@@H](N)C=C(C(=O)O)O[C@H]1C(=O)N(C)C,YBJOBBMCPNXAPT-NBEYISGCSA-N,Neuraminidase,,NAME::Neuraminidase,IC50,2400.0,nM,5.619788758288394,0
BindingDB,7821,,"CCCCCCO[C@@H]1C=C(C[C@H](N)[C@H]1NC(C)=O)C(O)=O |r,c:8|",CCCCCCO[C@@H]1C=C(C(=O)O)C[C@H](N)[C@H]1NC(C)=O,YECXRZFUGGIMCT-BFHYXJOUSA-N,Neuraminidase,,NAME::Neuraminidase,IC50,1450.0,nM,5.838631997765026,0
BindingDB,7236,,"[#6]-[#6](=O)-[#7]-[#6](-[#6@H]-1-[#6]-[#6](-[#6]-[#6@@H]-1\[#7]=[#6](\[#7])-[#7])-[#6](-[#8])=O)-[#6](=O)-[#7]-1-[#6]-[#6]-[#6]-[#6]-[#6]-1 |r,w:7.14,4.3|",[C]C(=O)[N][C](C(=O)N1[C][C][C][C][C]1)[C@H]1[C][C](C([O])=O)[C][C@@H]1N=C([N])[N],UOCZJJKXAZETAR-RYUDHWBXSA-N,Neuraminidase,,NAME::Neuraminidase,IC50,6900.0,nM,5.161150909262744,0
BindingDB,7134,,c1cc(ccc1C(=O)O)S(=O)(=O)N,NS(=O)(=O)c1ccc(C(=O)O)cc1,UCAGLBKTLXCODC-UHFFFAOYSA-N,Neuraminidase,,NAME::Neuraminidase,IC50,2500000.0,nM,2.6020599913279625,0
BindingDB,7743,,"[H][C@]1(OC(=C[C@H](N)[C@H]1NC(C)=O)C(O)=O)C(=O)N(CC)CCc1ccccc1 |r,c:3|",CCN(CCc1ccccc1)C(=O)[C@@H]1OC(C(=O)O)=C[C@H](N)[C@H]1NC(C)=O,AYQRQGLLNSQUHF-USXIJHARSA-N,Neuraminidase,,NAME::Neuraminidase,IC50,5.0,nM,8.301029995663981,1
BindingDB,7788,,"[H][C@]1(OC(=C[C@H](N)[C@H]1NC(C)=O)C(O)=O)C(=O)N(CCC)CCc1ccc(cc1)C(C)C |r,c:3|",CCCN(CCc1ccc(C(C)C)cc1)C(=O)[C@@H]1OC(C(=O)O)=C[C@H](N)[C@H]1NC(C)=O,XSLMSJXDVXJCAZ-CEWLAPEOSA-N,Neuraminidase,,NAME::Neuraminidase,IC50,6200.0,nM,5.207608310501746,0
BindingDB,408713,,CC(C)(C)OC(=O)NCC(=O)Nc1nc(CC(O)=O)cs1,CC(C)(C)OC(=O)NCC(=O)Nc1nc(CC(=O)O)cs1,AWWCCNBOCUFVDD-UHFFFAOYSA-N,Neuraminidase,,NAME::Neuraminidase,IC50,201000.0,nM,3.696803942579512,0
BindingDB,408726,,CC(C)[C@H](N)C(=O)Nc1nc(CC(O)=O)cs1,CC(C)[C@H](N)C(=O)Nc1nc(CC(=O)O)cs1,YVKXYAPZSBNZIC-QMMMGPOBSA-N,Neuraminidase,,NAME::Neuraminidase,IC50,10400.0,nM,4.982966660701219,0
BindingDB,7738,,"[H][C@]1(OC(=C[C@H](N)[C@H]1NC(C)=O)C(O)=O)C(=O)N(CCC)CCCc1ccccc1 |r,c:3|",CCCN(CCCc1ccccc1)C(=O)[C@@H]1OC(C(=O)O)=C[C@H](N)[C@H]1NC(C)=O,FBLQUOKDTNPZPO-QXAKKESOSA-N,Neuraminidase,,NAME::Neuraminidase,IC50,18.0,nM,7.744727494896693,1
BindingDB,7775,,"[H][C@]1(OC(=C[C@H](N)[C@H]1NC(C)=O)C(O)=O)C(=O)N(CCC)CCc1cccc(O)c1 |r,c:3|",CCCN(CCc1cccc(O)c1)C(=O)[C@@H]1OC(C(=O)O)=C[C@H](N)[C@H]1NC(C)=O,UEWWTSZFOOGNQE-CGTJXYLNSA-N,Neuraminidase,,NAME::Neuraminidase,IC50,3.0,nM,8.522878745280337,1
BindingDB,7782,,"[H][C@]1(OC(=C[C@H](N)[C@H]1NC(C)=O)C(O)=O)C(=O)N(CCC)CCc1ccc(OC)cc1 |r,c:3|",CCCN(CCc1ccc(OC)cc1)C(=O)[C@@H]1OC(C(=O)O)=C[C@H](N)[C@H]1NC(C)=O,YXVWZXNBJBBMNW-QXAKKESOSA-N,Neuraminidase,,NAME::Neuraminidase,IC50,3300.0,nM,5.481486060122112,0
BindingDB,7853,,"CCC(CC)O[C@H]1[C@H](NC(C)=O)[C@@H](N)CC(C(O)=O)=C1C |r,c:18|",CCC(CC)O[C@@H]1C(C)=C(C(=O)O)C[C@H](N)[C@H]1NC(C)=O,FYSOMEMGLOCHIM-BFHYXJOUSA-N,Neuraminidase,,NAME::Neuraminidase,IC50,2300.0,nM,5.638272163982407,0
BindingDB,8399,,"CCC(CC)C(=O)N1N=C(C[C@H](N)[C@H]1NC(C)=O)C(O)=O |r,c:8|",CCC(CC)C(=O)N1N=C(C(=O)O)C[C@H](N)[C@H]1NC(C)=O,TWIKMSBUPNVIPQ-ONGXEEELSA-N,Neuraminidase,,NAME::Neuraminidase,IC50,6000.0,nM,5.221848749616356,0
BindingDB,7174,,"[#6]-[#6]-[#6](-[#6]-[#6])-[#7]-[#6](=O)-[#6](-[#7]-[#6](-[#6])=O)-[#6@H]-1-[#6]-[#6](-[#6]-[#6@@H]-1\[#7]=[#6](\[#7])-[#7])-[#6](-[#8])=O |r,w:15.22,8.8|",[C][C][C]([C][C])[N]C(=O)[C]([N]C([C])=O)[C@H]1[C][C](C([O])=O)[C][C@@H]1N=C([N])[N],UXGWNOGWPVDNJV-RYUDHWBXSA-N,Neuraminidase,,NAME::Neuraminidase,IC50,80.0,nM,7.096910013008056,1
BindingDB,8426,,"CC(=O)N[C@@H]1[C@@H](N)CC(=C[C@H]1N1CCCCC[C@@H]1CO)C(O)=O |r,c:8|",CC(=O)N[C@H]1[C@H](N2CCCCC[C@@H]2CO)C=C(C(=O)O)C[C@@H]1N,IIIHFJUFPWPHFQ-LXTVHRRPSA-N,Neuraminidase,,NAME::Neuraminidase,IC50,8.0,nM,8.096910013008056,1
BindingDB,8438,,"CC(=O)N[C@@H]1[C@@H](N)CC(=C[C@H]1N1CCOCC1)C(O)=O |r,c:8|",CC(=O)N[C@H]1[C@H](N2CCOCC2)C=C(C(=O)O)C[C@@H]1N,WYWNZCZUCHSVES-QJPTWQEYSA-N,Neuraminidase,,NAME::Neuraminidase,IC50,30.0,nM,7.522878745280337,1
BindingDB,8355,,"COCO[C@@H]1C=C(C[C@H](N)[C@H]1NC(C)=O)C(O)=O |r,c:5|",COCO[C@@H]1C=C(C(=O)O)C[C@H](N)[C@H]1NC(C)=O,QQJHJEFLKIICMG-IVZWLZJFSA-N,Neuraminidase,,NAME::Neuraminidase,IC50,2000.0,nM,5.698970004336019,0
BindingDB,7219,,"[#6]-[#6](-[#6]-[#6]-c1ccccc1)-[#7]-[#6](=O)-[#6](-[#7]-[#6](-[#6])=O)-[#6@H]-1-[#6]-[#6](-[#6]-[#6@@H]-1\[#7]=[#6](\[#7])-[#7])-[#6](-[#8])=O |r,w:20.28,13.14|",[C][C]([C][C]c1ccccc1)[N]C(=O)[C]([N]C([C])=O)[C@H]1[C][C](C([O])=O)[C][C@@H]1N=C([N])[N],BPPPPIMKVDEIMG-IRXDYDNUSA-N,Neuraminidase,,NAME::Neuraminidase,IC50,12500.0,nM,4.903089986991944,0
BindingDB,408711,,CCOC(=O)Cc1csc(NC(=O)CNC(=O)OC(C)(C)C)n1,CCOC(=O)Cc1csc(NC(=O)CNC(=O)OC(C)(C)C)n1,VUGHGZHHAVTTPV-UHFFFAOYSA-N,Neuraminidase,,NAME::Neuraminidase,IC50,411000.0,nM,3.3861581781239307,0
BindingDB,7789,,"[H][C@]1(OC(=C[C@H](N)[C@H]1NC(C)=O)C(O)=O)C(=O)N(CCC)CCc1ccc(Cc2ccccc2)cc1 |r,c:3|",CCCN(CCc1ccc(Cc2ccccc2)cc1)C(=O)[C@@H]1OC(C(=O)O)=C[C@H](N)[C@H]1NC(C)=O,ICJUBDNDCIISKF-ICDZXHCJSA-N,Neuraminidase,,NAME::Neuraminidase,IC50,5200.0,nM,5.2839966563652006,0
BindingDB,8434,,"CC(=O)N[C@@H]1[C@@H](N)CC(=C[C@H]1N1CCCCCC1)C(O)=O |r,c:8|",CC(=O)N[C@H]1[C@H](N2CCCCCC2)C=C(C(=O)O)C[C@@H]1N,ATFBWSUHEBLLLQ-BFHYXJOUSA-N,Neuraminidase,,NAME::Neuraminidase,IC50,7.0,nM,8.154901959985743,1
BindingDB,7829,,"CC(=O)N[C@@H]1[C@@H](N)CC(=C[C@H]1OC1CCCCC1)C(O)=O |r,c:8|",CC(=O)N[C@@H]1[C@@H](N)CC(C(=O)O)=C[C@H]1OC1CCCCC1,GRDCBQGRBJQGMO-BFHYXJOUSA-N,Neuraminidase,,NAME::Neuraminidase,IC50,60.0,nM,7.221848749616356,1
BindingDB,7761,,"[H][C@]1(OC(=C[C@H](N)[C@H]1NC(C)=O)C(O)=O)C(=O)N(CCc1ccccc1)C1CC1 |r,c:3|",CC(=O)N[C@@H]1[C@@H](N)C=C(C(=O)O)O[C@H]1C(=O)N(CCc1ccccc1)C1CC1,QNEUCNRFTPZVRD-CGTJXYLNSA-N,Neuraminidase,,NAME::Neuraminidase,IC50,46.0,nM,7.337242168318426,1
BindingDB,7740,,"[H][C@]1([#8]-[#6](=[#6]-[#6@H](\[#7]=[#6](/[#7])-[#7])-[#6@H]1-[#7]-[#6](-[#6])=O)-[#6](-[#8])=O)[#6](=O)-[#7](-[#6]-[#6]-[#6])-[#6]-[#6]-[#6]-[#6]-[#6]-[#6]-[#6]-[#6]-[#6] |r,c:3|",[C][C][C][C][C][C][C][C][C]N([C][C][C])C(=O)[C@@H]1OC(C([O])=O)=[C][C@H](N=C([N])[N])[C@H]1[N]C([C])=O,IUXNTGUTDSPHNE-QXAKKESOSA-N,Neuraminidase,,NAME::Neuraminidase,IC50,7.0,nM,8.154901959985743,1
BindingDB,7713,,"[H][C@]1([#8]-[#6](=[#6]-[#6@H](\[#7]=[#6](/[#7])-[#7])-[#6@H]1-[#7]-[#6](-[#6])=O)-[#6](-[#8])=O)[#6](=O)-[#7](-[#6])-[#6]-[#6]-[#6] |r,c:3|",[C][C][C]N([C])C(=O)[C@@H]1OC(C([O])=O)=[C][C@H](N=C([N])[N])[C@H]1[N]C([C])=O,YWDPAFZHUTYEDF-JMJZKYOTSA-N,Neuraminidase,,NAME::Neuraminidase,IC50,4500.0,nM,5.346787486224656,0
BindingDB,8402,,"CCC(CC)C(=O)N1N=C(C[C@H](N)[C@H]1NC(C)=O)C(O)=O |r,c:8|",CCC(CC)C(=O)N1N=C(C(=O)O)C[C@H](N)[C@H]1NC(C)=O,TWIKMSBUPNVIPQ-ONGXEEELSA-N,Neuraminidase,,NAME::Neuraminidase,IC50,62000.0,nM,4.2076083105017466,0
BindingDB,7802,,"C[C@@H]1CC[C@@H](C)N1C(=O)[C@@H]1OC(=C[C@H](N)[C@H]1NC(C)=O)C(O)=O |r,c:12|",CC(=O)N[C@@H]1[C@@H](N)C=C(C(=O)O)O[C@H]1C(=O)N1[C@H](C)CC[C@H]1C,PHYBFKLXQMCMNU-BONDFROLSA-N,Neuraminidase,,NAME::Neuraminidase,IC50,4700.0,nM,5.327902142064282,0
BindingDB,408715,,CCOC(=O)Cc1csc(NC(=O)[C@H](C)NC(=O)OC(C)(C)C)n1,CCOC(=O)Cc1csc(NC(=O)[C@H](C)NC(=O)OC(C)(C)C)n1,SHJWCIURKKIVKF-VIFPVBQESA-N,Neuraminidase,,NAME::Neuraminidase,IC50,68400.0,nM,4.164943898279883,0
BindingDB,408736,,CCOC(=O)Cc1csc(NC(=O)[C@@H](N)Cc2ccccc2)n1,CCOC(=O)Cc1csc(NC(=O)[C@@H](N)Cc2ccccc2)n1,AMDYQXCZUGXCGI-ZDUSSCGKSA-N,Neuraminidase,,NAME::Neuraminidase,IC50,221000.0,nM,3.655607726314889,0
BindingDB,7723,,"[H][C@]1(OC(=C[C@H](N)[C@H]1NC(C)=O)C(O)=O)C(=O)N(CC)CCC |r,c:3|",CCCN(CC)C(=O)[C@@H]1OC(C(=O)O)=C[C@H](N)[C@H]1NC(C)=O,IWSDOYGCCUCLPE-MVWJERBFSA-N,Neuraminidase,,NAME::Neuraminidase,IC50,3.0,nM,8.522878745280337,1
BindingDB,8422,,"CC1CCN(CC1)[C@@H]1C=C(C[C@H](N)[C@H]1NC(C)=O)C(O)=O |r,c:9|",CC(=O)N[C@H]1[C@H](N2CCC(C)CC2)C=C(C(=O)O)C[C@@H]1N,SBDOFJJFSSZHBK-BFHYXJOUSA-N,Neuraminidase,,NAME::Neuraminidase,IC50,51.0,nM,7.292429823902063,1
BindingDB,8442,,"CCCC1CCN(CC1)[C@@H]1C=C(C[C@H](N)[C@H]1NC(C)=O)C(O)=O |r,c:11|",CCCC1CCN([C@@H]2C=C(C(=O)O)C[C@H](N)[C@H]2NC(C)=O)CC1,RYUYQPZJUOKCMD-ARFHVFGLSA-N,Neuraminidase,,NAME::Neuraminidase,IC50,87.0,nM,7.060480747381382,1
BindingDB,8474,,NC(=N)Nc1cc(ccc1N1CCCC1=O)C(O)=O,N=C(N)Nc1cc(C(=O)O)ccc1N1CCCC1=O,VJGFKLUNIKFVLP-UHFFFAOYSA-N,Neuraminidase,,NAME::Neuraminidase,IC50,250000.0,nM,3.6020599913279625,0
BindingDB,7751,,"[H][C@]1(OC(=C[C@H](N)[C@H]1NC(C)=O)C(O)=O)C(=O)N(C)CCc1ccccc1 |r,c:3|",CC(=O)N[C@@H]1[C@@H](N)C=C(C(=O)O)O[C@H]1C(=O)N(C)CCc1ccccc1,CKFUCCWIUYBYHB-NUEKZKHPSA-N,Neuraminidase,,NAME::Neuraminidase,IC50,51000.0,nM,4.292429823902063,0
BindingDB,7838,,"CCCCCCC[C@H](CC)O[C@@H]1C=C(C[C@H](N)[C@H]1NC(C)=O)C(O)=O |r,c:12|",CCCCCCC[C@H](CC)O[C@@H]1C=C(C(=O)O)C[C@H](N)[C@H]1NC(C)=O,XJOGOXCVUUHNTA-WNRNVDISSA-N,Neuraminidase,,NAME::Neuraminidase,IC50,4.0,nM,8.397940008672037,1
BindingDB,7778,,"[H][C@]1(OC(=C[C@H](N)[C@H]1NC(C)=O)C(O)=O)C(=O)N(CCC)CCc1ccc(cc1)C(C)C |r,c:3|",CCCN(CCc1ccc(C(C)C)cc1)C(=O)[C@@H]1OC(C(=O)O)=C[C@H](N)[C@H]1NC(C)=O,XSLMSJXDVXJCAZ-CEWLAPEOSA-N,Neuraminidase,,NAME::Neuraminidase,IC50,12.0,nM,7.920818753952375,1
BindingDB,7846,,"CC(=O)N[C@@H]1[C@@H](N)CC(=C[C@H]1OCCCc1ccc(cc1)-c1ccccc1)C(O)=O |r,c:8|",CC(=O)N[C@@H]1[C@@H](N)CC(C(=O)O)=C[C@H]1OCCCc1ccc(-c2ccccc2)cc1,WLWJACADVNSTQF-YTFSRNRJSA-N,Neuraminidase,,NAME::Neuraminidase,IC50,90.0,nM,7.045757490560675,1
BindingDB,7165,,CC(=O)Nc1ccc(nc1N=C(N)N)C(O)=O |w:10.10|,CC(=O)Nc1ccc(C(=O)O)nc1N=C(N)N,GHPBFMJFCNOSSO-UHFFFAOYSA-N,Neuraminidase,,NAME::Neuraminidase,IC50,6000.0,nM,5.221848749616356,0
BindingDB,8421,,"CN1CCN(CC1)[C@@H]1C=C(C[C@H](N)[C@H]1NC(C)=O)C(O)=O |r,c:9|",CC(=O)N[C@H]1[C@H](N2CCN(C)CC2)C=C(C(=O)O)C[C@@H]1N,VJTLCZNJZZQWRD-YNEHKIRRSA-N,Neuraminidase,,NAME::Neuraminidase,IC50,1900.0,nM,5.721246399047171,0
BindingDB,7715,,"[#6]-[#6](=O)-[#7]-[#6@@H]-1-[#6@H](-[#6]=[#6](-[#8]-[#6@H]-1-[#6@H](-[#8])-[#6@H](-[#8])-[#6]-[#8])-[#6](-[#8])=O)\[#7]=[#6](/[#7])-[#7] |r,c:6|",[C]C(=O)[N][C@H]1[C@H]([C@H]([O])[C@H]([O])[C][O])OC(C([O])=O)=[C][C@@H]1N=C([N])[N],OPQBOYCRQJUMRG-UFGQHTETSA-N,Neuraminidase,,NAME::Neuraminidase,IC50,5.0,nM,8.301029995663981,1
BindingDB,7852,,"CCC(CC)O[C@@H]1C=C(C[C@H](N=C(N)N)[C@H]1NC(C)=O)C(O)=O |r,c:7|",CCC(CC)O[C@@H]1C=C(C(=O)O)C[C@H](N=C(N)N)[C@H]1NC(C)=O,TXXPTEJSSVMAFL-YNEHKIRRSA-N,Neuraminidase,,NAME::Neuraminidase,IC50,0.5,nM,9.30102999566398,1
BindingDB,8357,,"CC(=O)N[C@@H]1[C@@H](N)CC(=C[C@H]1OCC=C)C(O)=O |r,c:8|",C=CCO[C@@H]1C=C(C(=O)O)C[C@H](N)[C@H]1NC(C)=O,CPEQXRRROPTVGA-HBNTYKKESA-N,Neuraminidase,,NAME::Neuraminidase,IC50,2200.0,nM,5.657577319177793,0
BindingDB,7136,,[#7]\[#6](-[#7])=[#7]/c1cccc(c1)-[#6](-[#8])=O,[N]C([N])=Nc1cccc(C([O])=O)c1,QMGFOCISRDDACH-UHFFFAOYSA-N,Neuraminidase,,NAME::Neuraminidase,IC50,5000000.0,nM,2.3010299956639813,0
BindingDB,7772,,"[H][C@]1(OC(=C[C@H](N)[C@H]1NC(C)=O)C(O)=O)C(=O)N(CCC)CCc1ccc(OC)cc1 |r,c:3|",CCCN(CCc1ccc(OC)cc1)C(=O)[C@@H]1OC(C(=O)O)=C[C@H](N)[C@H]1NC(C)=O,YXVWZXNBJBBMNW-QXAKKESOSA-N,Neuraminidase,,NAME::Neuraminidase,IC50,8.0,nM,8.096910013008056,1
BindingDB,8388,,"CCC(CC)N[C@@H]1C=C(C[C@H](N)[C@H]1NC(C)=O)C(O)=O |r,c:7|",CCC(CC)N[C@@H]1C=C(C(=O)O)C[C@H](N)[C@H]1NC(C)=O,DLUDMOWAEDKCDD-YNEHKIRRSA-N,Neuraminidase,,NAME::Neuraminidase,IC50,100.0,nM,7.0,1
BindingDB,7766,,"[H][C@]1(OC(=C[C@H](N)[C@H]1NC(C)=O)C(O)=O)C(=O)N(CCO)CCc1ccccc1 |r,c:3|",CC(=O)N[C@@H]1[C@@H](N)C=C(C(=O)O)O[C@H]1C(=O)N(CCO)CCc1ccccc1,WZTMLZINVZPVKQ-USXIJHARSA-N,Neuraminidase,,NAME::Neuraminidase,IC50,100000.0,nM,4.0,0
BindingDB,8415,,"CC(=O)N[C@@H]1[C@@H](N)CC(=C[C@H]1N1CCCCC1)C(O)=O |r,c:8|",CC(=O)N[C@H]1[C@H](N2CCCCC2)C=C(C(=O)O)C[C@@H]1N,FVJJBGPSFGVUKN-YNEHKIRRSA-N,Neuraminidase,,NAME::Neuraminidase,IC50,25.0,nM,7.602059991327962,1
BindingDB,8374,,"CCCN(CCC)[C@@H]1C=C(C[C@H](N)[C@H]1NC(C)=O)C(O)=O |r,c:8|",CCCN(CCC)[C@@H]1C=C(C(=O)O)C[C@H](N)[C@H]1NC(C)=O,MUAKAPZVYKVOTQ-BFHYXJOUSA-N,Neuraminidase,,NAME::Neuraminidase,IC50,12.0,nM,7.920818753952375,1
BindingDB,7780,,"[H][C@]1(OC(=C[C@H](N)[C@H]1NC(C)=O)C(O)=O)C(=O)N(CCC)CCc1ccccc1OC |r,c:3|",CCCN(CCc1ccccc1OC)C(=O)[C@@H]1OC(C(=O)O)=C[C@H](N)[C@H]1NC(C)=O,XISPDBALALKGMY-KFKAGJAMSA-N,Neuraminidase,,NAME::Neuraminidase,IC50,9.0,nM,8.045757490560675,1
BindingDB,8460,,[#6]-[#6](=O)-[#7]-c1ccc(cc1\[#7]=[#6](/[#7])-[#7])-[#6](-[#8])=O,[C]C(=O)[N]c1ccc(C([O])=O)cc1N=C([N])[N],IKYMQYVOEIGMAQ-UHFFFAOYSA-N,Neuraminidase,,NAME::Neuraminidase,IC50,10000.0,nM,5.0,0
BindingDB,7703,,"[H][C@]1(OC(=C[C@H](N)[C@H]1NC(C)=O)C(O)=O)C(=O)N(CCC)CCC |r,c:3|",CCCN(CCC)C(=O)[C@@H]1OC(C(=O)O)=C[C@H](N)[C@H]1NC(C)=O,ZXZWQHMARLSKTR-CYZMBNFOSA-N,Neuraminidase,,NAME::Neuraminidase,IC50,12.0,nM,7.920818753952375,1
BindingDB,7700,,"[H][C@]1(OC(=C[C@H](N)[C@H]1NC(C)=O)C(O)=O)C(=O)NCCC |r,c:3|",CCCNC(=O)[C@@H]1OC(C(=O)O)=C[C@H](N)[C@H]1NC(C)=O,NHZGEIOEGKPACO-FXBDTBDDSA-N,Neuraminidase,,NAME::Neuraminidase,IC50,19000.0,nM,4.721246399047171,0
BindingDB,8461,,"[#6]-[#6](=O)-[#7]-[#6@H]-1-[#6@@H](-[#6]=[#6](-[#8]-[#6@@H]-1-[#6@H](-[#8])-[#6@@H](-[#8])-[#6]-[#8])-[#6](-[#8])=O)\[#7]=[#6](/[#7])-[#7] |r,c:6|",[C]C(=O)[N][C@@H]1[C@@H]([C@H]([O])[C@@H]([O])[C][O])OC(C([O])=O)=[C][C@H]1N=C([N])[N],OPQBOYCRQJUMRG-OQYXUJGNSA-N,Neuraminidase,,NAME::Neuraminidase,IC50,4.0,nM,8.397940008672037,1
BindingDB,7750,,"[H][C@]1(OC(=C[C@H](N)[C@H]1NC(C)=O)C(O)=O)C(=O)NCCc1ccccc1 |r,c:3|",CC(=O)N[C@@H]1[C@@H](N)C=C(C(=O)O)O[C@H]1C(=O)NCCc1ccccc1,RFTNJWOYPLIOEB-NWANDNLSSA-N,Neuraminidase,,NAME::Neuraminidase,IC50,67000.0,nM,4.173925197299174,0
BindingDB,7182,,"[#6]-[#6]-[#6](-[#6]-[#8]-[#6])-[#7]-[#6](=O)-[#6](-[#7]-[#6](-[#6])=O)-[#6@H]-1-[#6]-[#6](-[#6]-[#6@@H]-1\[#7]=[#6](\[#7])-[#7])-[#6](-[#8])=O |r,w:16.23,9.9|",[C][C][C]([C]O[C])[N]C(=O)[C]([N]C([C])=O)[C@H]1[C][C](C([O])=O)[C][C@@H]1N=C([N])[N],VHTQINVENSRWMZ-RYUDHWBXSA-N,Neuraminidase,,NAME::Neuraminidase,IC50,2200.0,nM,5.657577319177793,0
BindingDB,7242,,"[#6]-[#6]-1-[#6]-[#6]-[#7](-[#6]-[#6]-1)-[#6](=O)-[#6](-[#7]-[#6](-[#6])=O)-[#6@H]-1-[#6]-[#6](-[#6]-[#6@@H]-1\[#7]=[#6](\[#7])-[#7])-[#6](-[#8])=O |r,w:16.24,9.10|",[C][C]1[C][C]N(C(=O)[C]([N]C([C])=O)[C@H]2[C][C](C([O])=O)[C][C@@H]2N=C([N])[N])[C][C]1,YLRARSBIGBBLPF-STQMWFEESA-N,Neuraminidase,,NAME::Neuraminidase,IC50,42500.0,nM,4.371611069949688,0
BindingDB,7170,,"[#6]-[#6](-[#6])-[#7]-[#6](=O)-[#6](-[#7]-[#6](-[#6])=O)-[#6@H]-1-[#6]-[#6](-[#6]-[#6@@H]-1\[#7]=[#6](\[#7])-[#7])-[#6](-[#8])=O |r,w:13.20,6.6|",[C][C]([C])[N]C(=O)[C]([N]C([C])=O)[C@H]1[C][C](C([O])=O)[C][C@@H]1N=C([N])[N],HGDOUAYAOFFYDC-UWVGGRQHSA-N,Neuraminidase,,NAME::Neuraminidase,IC50,1340.0,nM,5.872895201635192,0
BindingDB,7860,,[#6]-[#6](=O)-[#7]-[#6]-[#6@H]-1-[#6]-[#6@H](-[#6]-[#6@@H]-1\[#7]=[#6](\[#7])-[#7])-[#6](-[#8])=O |r|,[C]C(=O)[N][C][C@H]1[C][C@@H](C([O])=O)[C][C@@H]1N=C([N])[N],ZOHYNHIXLXDJIF-PRJMDXOYSA-N,Neuraminidase,,NAME::Neuraminidase,IC50,27400.0,nM,4.562249437179612,0
BindingDB,408721,,CC[C@@H](C)[C@H](NC(=O)OC(C)(C)C)C(=O)Nc1nc(CC(O)=O)cs1,CC[C@@H](C)[C@H](NC(=O)OC(C)(C)C)C(=O)Nc1nc(CC(=O)O)cs1,XTZKCXOKFIIIIS-SKDRFNHKSA-N,Neuraminidase,,NAME::Neuraminidase,IC50,16300.0,nM,4.787812395596042,0
BindingDB,7233,,"[#6]-[#6]-[#6]-[#7](-[#6]-[#6]-[#6])-[#6](=O)-[#6](-[#7]-[#6](-[#6])=O)-[#6@H]-1-[#6]-[#6](-[#6]-[#6@@H]-1\[#7]=[#6](\[#7])-[#7])-[#6](-[#8])=O |r,w:16.23,9.9|",[C][C][C]N([C][C][C])C(=O)[C]([N]C([C])=O)[C@H]1[C][C](C([O])=O)[C][C@@H]1N=C([N])[N],JVPDYZZFCVBDDH-STQMWFEESA-N,Neuraminidase,,NAME::Neuraminidase,IC50,9200.0,nM,5.036212172654444,0
BindingDB,8453,,CCC(CC)Oc1cc(cc(N)c1NC(C)=O)C(O)=O,CCC(CC)Oc1cc(C(=O)O)cc(N)c1NC(C)=O,FWHGOPBCXHOTDC-UHFFFAOYSA-N,Neuraminidase,,NAME::Neuraminidase,IC50,15000.0,nM,4.823908740944319,0
BindingDB,7822,,"CCCCCCCCO[C@@H]1C=C(C[C@H](N)[C@H]1NC(C)=O)C(O)=O |r,c:10|",CCCCCCCCO[C@@H]1C=C(C(=O)O)C[C@H](N)[C@H]1NC(C)=O,QPGLIZFPRZQICS-ARFHVFGLSA-N,Neuraminidase,,NAME::Neuraminidase,IC50,3500.0,nM,5.455931955649724,0
BindingDB,7770,,"[H][C@]1(OC(=C[C@H](N)[C@H]1NC(C)=O)C(O)=O)C(=O)N(CCc1ccccc1)C1CC1 |r,c:3|",CC(=O)N[C@@H]1[C@@H](N)C=C(C(=O)O)O[C@H]1C(=O)N(CCc1ccccc1)C1CC1,QNEUCNRFTPZVRD-CGTJXYLNSA-N,Neuraminidase,,NAME::Neuraminidase,IC50,36000.0,nM,4.443697499232713,0
BindingDB,7177,,"[#6]-[#6]-[#6]-[#6]-[#6](-[#6])-[#7]-[#6](=O)-[#6](-[#7]-[#6](-[#6])=O)-[#6@H]-1-[#6]-[#6](-[#6]-[#6@@H]-1\[#7]=[#6](\[#7])-[#7])-[#6](-[#8])=O |r,w:16.23,9.9|",[C][C][C][C][C]([C])[N]C(=O)[C]([N]C([C])=O)[C@H]1[C][C](C([O])=O)[C][C@@H]1N=C([N])[N],YLTMTDSENLOGQU-STQMWFEESA-N,Neuraminidase,,NAME::Neuraminidase,IC50,8700.0,nM,5.060480747381382,0
BindingDB,7235,,"[#6]-[#6](=O)-[#7]-[#6](-[#6@H]-1-[#6]-[#6](-[#6]-[#6@@H]-1\[#7]=[#6](\[#7])-[#7])-[#6](-[#8])=O)-[#6](=O)-[#7]-1-[#6]-[#6]-[#6]-[#6]-1 |r,w:7.14,4.3|",[C]C(=O)[N][C](C(=O)N1[C][C][C][C]1)[C@H]1[C][C](C([O])=O)[C][C@@H]1N=C([N])[N],ISUHEKBOWIIVPR-QWRGUYRKSA-N,Neuraminidase,,NAME::Neuraminidase,IC50,24000.0,nM,4.619788758288394,0
BindingDB,7826,,"CC[C@@H](CC=C)O[C@@H]1C=C(C[C@H](N)[C@H]1NC(C)=O)C(O)=O |r,c:8|",C=CC[C@H](CC)O[C@@H]1C=C(C(=O)O)C[C@H](N)[C@H]1NC(C)=O,HQIVDWCSVLHHIC-IGQOVBAYSA-N,Neuraminidase,,NAME::Neuraminidase,IC50,1.0,nM,9.0,1
